t1,r1,p1,l1,t2,r2,p2,l2,t3,r3,p3,l3,t4,r4,p4,l4,t5,r5,p5,l5,t6,r6,p6,l6,op1,op2,op3,op4,op5,op6,sv1,sv2,sv3,sv4,sv5,sv6,lt,tt,pt,game_score,estado
171.833448,3,17,15,119.11679,2,10,10,250.183632,3,20,16,76.616859,2,5,10,61.200057,3,4,8,58.616789,2,5,10,0,1,1,1,1,1,1,1,1,1,1,1,69,737.567575,61,18.10999,R
61.884888,1,7,7,54.659338,1,12,12,83.578779,1,14,16,94.583914,2,15,10,60.303409,1,13,13,99.012441,3,20,12,1,0,1,1,0,0,1,1,1,1,1,1,70,454.022769,81,16.759012,R
136.321393,1,7,7,73.339819,1,7,10,92.041172,1,21,27,83.3649,3,20,10,47.594428,1,6,10,40.816506,1,5,10,1,1,0,1,0,1,1,1,0,1,1,1,74,473.478219,66,16.66499,R
25.659436,1,7,7,112.306388,1,50,25,54.121916,1,25,28,37.054417,1,10,10,19.244571,1,8,14,33.292347,1,7,11,1,0,0,1,0,0,1,0,0,1,1,1,95,281.679075,107,20.672782,R
137.704212,1,3,7,128.707649,2,5,10,114.414758,1,8,16,381.543549,4,15,10,72.816952,1,4,8,88.093326,3,8,10,1,1,1,1,1,1,1,1,1,1,1,1,61,923.280446,43,17.524196,R
41.515454,1,1,7,78.331174,2,5,10,70.648087,1,14,17,29.799302,1,2,10,34.949038,1,4,12,44.548794,1,7,10,1,1,0,1,0,1,1,1,0,1,1,1,66,299.79185,33,11.692424,R
24.579069,1,2,7,106.95777,4,9,14,86.425529,1,11,29,61.603717,2,6,12,55.105451,1,9,17,111.404174,3,28,20,1,0,0,0,0,0,1,1,0,1,0,0,99,446.075711,65,20.322845,R
272.8887,14,27,8,81.58826,1,6,10,260.14092,3,26,16,298.24178,5,16,10,42.71764,1,3,8,278.48034,4,10,14,0,1,1,1,1,0,1,1,1,1,1,1,66,1234.05764,88,24.076744,R
74.133242,1,1,7,190.668971,3,9,10,80.050033,1,10,16,83.516613,2,6,10,42.567078,1,4,10,219.71686,5,22,12,1,1,1,1,0,0,1,1,1,1,1,1,65,690.652797,52,16.468508,R
21.425413,1,1,7,74.74446,2,8,10,78.070913,1,10,18,140.807207,2,15,10,32.26592,1,4,8,32.60036,1,8,12,1,1,0,1,1,0,1,1,0,1,1,1,65,379.914273,46,13.1027,R
125.59526,1,26,9,67.562699,2,13,10,192.241786,3,50,17,46.252632,1,8,14,136.875274,4,12,8,44.719939,1,8,10,0,1,0,0,1,1,1,1,0,1,1,1,68,613.247591,117,20.182458,R
23.88919,1,2,8,39.111674,1,5,12,66.0819,1,8,16,81.922971,2,5,14,37.064026,1,4,12,56.302367,1,8,12,0,0,1,0,0,0,1,1,1,1,1,1,74,304.372129,32,12.95007,R
52.81659,1,1,7,132.366858,3,28,10,78.101231,1,11,16,43.478579,1,9,10,39.117359,1,6,10,43.778145,1,5,13,1,1,1,1,0,0,1,1,1,1,1,1,66,389.658762,60,14.213889,R
83.195018,1,10,13,52.963373,1,6,10,73.312448,1,11,16,44.297242,1,5,10,63.796199,2,7,8,47.580572,1,6,10,0,1,1,1,1,1,1,1,1,1,1,1,67,365.144853,45,13.217606,R
107.556478,2,4,11,125.157256,4,10,10,213.64869,2,20,16,57.722791,2,18,10,45.728027,2,4,8,39.281497,1,5,10,0,1,1,1,1,1,1,1,1,1,1,1,65,589.094739,61,16.040084,R
68.461039,2,9,7,45.917745,1,6,10,138.817764,1,13,18,109.113107,2,7,10,48.966453,1,4,13,171.340603,2,13,16,1,1,0,1,0,0,1,1,0,1,1,0,74,582.616711,52,16.860187,R
88.34671,1,5,9,150.402807,1,7,28,339.484483,2,10,25,117.318743,2,5,11,95.506487,1,4,18,185.006511,2,6,18,0,0,0,0,0,0,1,0,0,1,0,0,109,976.065741,37,25.314216,R
69.163901,1,1,9,38.465132,1,7,10,53.114545,1,12,16,38.548458,1,3,10,28.432196,1,2,8,60.952091,2,9,10,0,1,1,1,1,1,1,1,1,1,1,1,63,288.676323,34,11.168426,R
130.355951,1,14,13,61.602837,1,4,12,365.532573,2,13,16,44.601935,1,5,10,31.884735,1,5,8,42.835262,1,6,14,0,0,1,1,1,0,1,1,1,1,1,1,73,676.813293,47,17.303337,R
85.481462,1,8,9,73.361119,1,16,14,158.226413,2,52,38,66.925854,2,25,10,48.169877,1,3,8,30.877142,1,5,10,0,0,0,1,1,1,1,1,0,1,1,1,89,463.041868,109,21.589166,R
399.390963,5,28,7,55.189239,1,2,10,116.844344,1,5,16,62.371338,1,3,11,54.756244,1,3,10,71.286197,2,6,10,1,1,1,0,0,1,1,1,1,1,1,1,64,759.838325,47,16.670337,R
198.633803,3,5,7,116.739246,2,6,13,271.816312,2,16,43,138.080111,1,3,19,94.960211,1,4,17,71.739254,1,3,12,1,0,0,0,0,0,1,1,0,0,0,1,111,891.968937,37,24.821489,R
114.266925,4,8,8,314.924334,9,17,10,87.123814,1,3,17,64.044106,1,3,12,89.922095,1,8,14,45.010726,1,2,11,0,1,0,0,0,0,1,1,0,1,1,1,72,715.292,41,17.147618,R
36.899412,1,1,7,98.359933,1,5,18,116.659546,1,3,20,69.531579,1,2,11,118.311247,3,3,12,93.494987,1,3,14,1,0,0,0,0,0,1,0,0,1,1,1,82,533.256705,17,15.514093,R
17.355318,1,2,7,23.063984,1,5,10,159.496745,3,29,19,29.911691,1,6,10,18.528817,1,4,8,21.862563,1,5,10,1,1,0,1,1,1,1,1,0,1,1,1,64,270.219118,51,12.191331,R
94.761043,1,4,9,88.11697,1,4,10,102.106923,1,6,16,52.559556,1,2,10,40.494556,1,2,8,107.544958,2,5,10,0,1,1,1,1,1,1,1,1,1,1,1,63,485.584006,23,12.394286,R
64.677968,1,1,8,154.847227,2,11,10,339.384844,3,24,16,112.195079,1,7,14,78.540111,1,3,8,57.896951,1,4,10,0,1,1,0,1,1,1,1,1,1,1,1,66,807.542181,50,17.633111,R
112.136074,13,35,7,108.185484,2,3,10,422.490471,4,8,24,61.051111,1,1,10,54.684248,1,1,12,104.751857,2,3,10,1,1,0,1,0,1,1,1,0,1,1,1,73,863.299246,51,19.347744,R
110.872133,3,6,9,39.135361,2,7,10,266.613542,7,40,16,29.217923,1,4,10,22.917788,1,3,8,31.234943,1,7,10,0,1,1,1,1,1,1,1,1,1,1,1,63,499.99169,67,15.22933,R
69.197879,1,8,9,44.736807,1,3,10,48.27176,1,30,34,45.75388,1,12,13,74.850482,3,11,13,36.649831,1,6,14,0,1,0,0,0,0,1,1,0,1,1,1,93,319.46064,70,18.451519,R
39.633693,1,3,9,75.915953,2,5,10,83.833882,1,8,16,74.299904,1,4,14,52.93303,1,3,13,167.482971,4,4,10,0,1,1,0,0,1,1,1,1,1,1,1,72,494.099434,27,14.155609,R
53.566737,1,18,7,27.100036,1,12,10,172.433441,2,24,41,80.633383,2,5,18,40.250021,1,2,13,63.350041,2,5,12,1,1,0,0,0,0,1,1,0,0,1,1,101,437.333659,66,20.618452,R
30.026668,1,8,7,37.28482,1,7,10,126.531103,3,61,43,32.020766,1,10,10,35.624313,1,12,16,37.809206,1,10,17,1,1,0,1,0,0,1,1,0,1,0,0,103,299.296877,108,22.178768,R
67.070191,1,5,8,50.518951,1,5,10,102.170116,1,5,21,65.071847,1,5,16,65.937695,1,4,16,46.589293,1,4,12,0,1,0,0,0,0,1,1,0,0,0,1,83,397.358094,28,15.036221,R
166.917089,1,9,18,130.463441,1,7,11,171.089979,1,4,17,146.950875,1,3,16,82.240812,1,3,10,129.403786,1,2,12,0,0,0,0,0,0,1,1,0,0,1,1,84,827.065983,28,19.341607,R
21.820166,1,1,7,66.886457,2,9,10,117.612879,2,24,16,21.788132,1,2,10,19.908946,1,13,13,53.94884,2,9,10,1,1,1,1,0,1,1,1,1,1,1,1,66,301.96542,58,13.245231,R
113.256959,1,23,7,85.380853,1,10,10,66.289488,1,18,17,44.414698,1,10,11,38.685667,1,5,10,46.013308,1,7,10,1,1,0,0,0,1,1,1,0,1,1,1,65,394.040972,73,14.893385,R
40.50395,1,4,11,50.163122,1,8,10,78.579083,1,12,16,50.63228,1,5,10,50.312814,1,5,8,41.947259,1,10,10,0,1,1,1,1,1,1,1,1,1,1,1,65,312.138509,44,12.326218,R
56.627937,1,1,7,146.886654,2,3,10,454.584083,5,16,16,53.520558,1,2,10,110.713293,4,3,11,69.671415,1,3,12,1,1,1,1,0,0,1,1,1,1,1,1,66,892.00394,28,17.100026,R
50.514103,1,5,9,68.029764,1,9,10,146.992389,1,9,16,69.696176,1,8,13,60.296493,1,8,12,51.163967,1,5,10,0,1,1,0,0,1,1,1,1,1,1,1,70,446.692893,44,14.421173,R
43.607326,1,1,8,90.877832,1,9,18,57.826726,1,5,16,37.063719,1,1,10,32.385019,1,2,8,43.707156,1,3,11,0,0,1,1,1,0,1,0,1,1,1,1,71,305.467778,21,11.808611,R
63.47804,1,3,7,50.651627,1,2,10,114.873633,1,2,24,84.327707,1,6,14,69.756367,1,3,12,56.157553,1,12,12,1,1,0,0,0,0,1,1,0,1,1,1,79,439.244927,28,14.803003,R
195.467193,8,11,8,129.459647,3,5,10,119.164273,1,8,25,147.166747,2,16,27,66.838193,1,2,17,85.53962,2,6,10,0,1,0,0,0,1,1,1,0,0,0,1,97,743.635673,48,21.833528,R
76.568168,1,20,13,36.637978,1,10,10,70.004616,1,35,39,27.518431,1,11,16,21.85083,1,12,16,31.220446,1,12,18,0,1,0,0,0,0,1,1,0,0,0,0,112,263.800469,100,22.78016,R
76.108327,1,12,7,35.290321,1,7,10,180.716931,4,49,22,30.808317,1,10,17,24.676742,1,5,12,30.675005,1,8,18,1,1,0,0,0,0,1,1,0,0,1,0,86,378.275644,91,19.190353,R
34.94744,1,1,7,234.384876,3,8,11,95.727159,1,5,16,44.480365,1,3,10,49.83017,1,7,10,51.813249,1,6,10,1,0,1,1,0,1,1,1,1,1,1,1,64,511.183259,30,13.229536,R
42.179707,1,6,7,74.00588,1,11,11,405.53838,5,37,22,91.027053,1,9,17,131.79976,1,8,16,64.0995,1,14,16,1,0,0,0,0,0,1,1,0,0,0,0,89,808.65028,85,23.453213,R
114.06892,2,2,7,140.696761,2,7,10,236.837286,1,32,43,118.603201,5,22,12,64.895013,2,6,8,132.706575,3,28,12,1,1,0,0,1,0,1,1,0,1,1,1,92,807.807755,97,24.658387,R
74.296053,1,9,7,48.764065,1,10,10,105.244317,1,14,24,68.112973,2,16,10,31.214986,1,13,13,34.598138,1,11,11,1,1,0,1,0,0,1,1,0,1,1,1,75,362.230533,73,16.17987,R
51.243911,1,5,7,58.476026,2,4,10,82.340349,1,6,17,47.861006,1,4,10,62.392609,1,4,10,125.901772,1,8,16,1,1,0,1,0,0,1,1,0,1,1,0,70,428.215674,31,13.44634,A
184.835523,5,11,7,48.929506,1,5,10,307.742397,4,23,35,127.523329,3,9,16,90.359584,2,4,12,102.441947,2,9,23,1,1,0,0,0,0,1,1,0,0,1,0,103,861.832286,61,24.72655,A
28.972025,1,1,7,93.206196,2,4,14,156.920613,2,17,20,56.507572,1,9,10,37.087303,1,4,12,70.656054,1,3,14,1,0,0,1,0,0,1,1,0,1,1,1,77,443.349764,38,15.136662,A
26.340924,1,8,7,45.416849,1,10,12,97.082509,1,22,23,40.968647,1,15,17,27.540049,1,15,19,58.129346,1,15,21,1,0,0,0,0,0,1,1,0,0,0,0,99,295.478325,85,20.095272,A
188.401773,8,11,7,55.877113,1,2,12,109.6704,1,4,19,46.308593,1,2,10,123.87304,2,10,24,165.668527,6,25,10,1,0,0,1,0,1,1,1,0,1,0,1,82,689.799447,54,19.291616,A
32.866481,1,7,7,27.833283,1,5,10,63.433169,1,5,17,101.716419,1,18,21,61.23317,1,3,16,106.966324,2,19,14,1,1,0,0,0,0,1,1,0,0,0,1,85,394.048846,57,17.099903,A
38.872121,1,9,8,20.770671,1,11,10,107.773927,2,17,18,35.3854,1,3,10,53.136258,1,4,10,36.252823,1,16,10,0,1,0,1,0,1,1,1,0,1,1,1,66,292.1912,60,13.273471,A
47.73509,2,2,7,107.144449,3,5,10,64.788066,1,3,16,31.967997,1,2,10,34.834469,1,2,8,57.279333,2,4,10,1,1,1,1,1,1,1,1,1,1,1,1,61,343.749404,18,10.400743,A
58.642765,1,12,9,66.629782,1,12,12,457.858171,4,71,37,176.331588,2,15,14,109.403632,1,11,15,91.158473,1,14,14,0,0,0,0,0,0,1,1,0,1,0,1,101,960.024411,135,29.889511,A
159.46586,3,45,7,17.71478,1,14,14,27.226233,1,24,30,27.40818,2,17,10,21.14474,1,16,20,33.86638,1,19,29,1,0,0,1,0,0,1,1,0,1,0,0,110,286.826173,135,24.828213,A
57.776163,1,2,9,97.665937,1,4,20,187.063634,2,11,31,69.778186,2,6,12,44.290579,1,4,8,78.262694,1,8,18,0,0,0,0,1,0,1,0,0,1,1,0,98,534.837193,35,19.181718,A
61.919918,3,5,7,133.305119,6,13,10,74.39119,2,6,16,22.737203,1,3,10,58.440289,3,4,8,24.84839,1,2,10,1,1,1,1,1,1,1,1,1,1,1,1,61,375.642109,33,11.627562,A
100.833944,3,21,7,34.778361,1,3,10,261.9049,3,32,33,65.021909,1,4,14,62.520997,1,3,14,99.400111,2,7,10,1,1,0,0,0,1,1,1,0,1,1,1,88,624.460222,70,20.597609,A
67.111419,1,7,9,61.909776,1,4,10,395.037727,3,6,16,102.113474,1,9,16,82.007485,1,3,8,74.124852,2,4,10,0,1,1,0,1,1,1,1,1,0,1,1,69,782.304734,33,16.825981,A
305.268665,5,13,7,66.270785,2,14,10,62.937213,1,8,16,87.77211,1,9,17,39.819055,1,8,13,43.536063,1,7,10,1,1,1,0,0,1,1,1,1,0,1,1,73,605.603891,59,17.351553,A
80.198994,1,6,11,58.057016,1,7,10,139.137868,1,11,22,59.155786,1,2,12,134.473671,3,13,12,65.439174,1,8,12,0,1,0,0,0,0,1,1,0,1,1,1,79,536.46251,47,16.905205,A
412.616207,12,9,7,242.022215,4,17,10,515.026772,5,13,16,359.933545,4,11,10,66.396817,1,3,8,119.044704,1,7,14,1,1,1,1,1,0,1,1,1,1,1,1,65,1715.04026,60,26.842518,A
33.869534,1,1,7,51.257879,1,6,12,228.363593,6,25,16,50.482236,1,3,10,30.701362,1,2,8,41.651362,1,4,10,1,0,1,1,1,1,1,1,1,1,1,1,63,436.325967,41,13.021941,A
292.946632,15,129,29,104.38122,1,32,29,97.088302,1,30,33,98.303947,1,29,29,221.483049,2,61,19,1448.764917,18,342,38,0,0,0,0,0,0,0,0,0,0,0,0,177,2262.968067,623,84.472331,A
28.365087,1,1,9,66.913334,2,3,10,71.52818,1,11,26,72.080393,2,13,16,44.839311,1,6,12,27.793426,1,10,10,0,1,0,0,0,1,1,1,0,0,1,1,83,311.519731,44,15.188383,A
46.062211,1,2,9,104.721407,2,6,10,123.822419,1,5,16,62.36033,1,3,10,70.560045,1,4,10,165.90042,3,10,12,0,1,1,1,0,0,1,1,1,1,1,1,67,573.426832,30,14.308117,A
41.981361,1,3,7,116.577633,2,9,10,88.579139,1,5,18,35.431642,1,2,10,40.464679,1,2,10,46.214411,1,2,10,1,1,0,1,0,1,1,1,0,1,1,1,65,369.248866,23,11.590506,A
51.972792,1,5,9,44.949781,1,6,10,191.91785,1,26,44,106.212714,1,7,22,56.336786,1,4,12,34.011613,1,5,10,0,1,0,0,0,1,1,1,0,0,1,1,107,485.401536,53,21.241727,A
49.518642,1,8,11,82.16412,1,30,29,42.067857,1,30,31,19.697374,1,12,14,18.828683,1,12,17,16.305861,1,10,14,0,0,0,0,0,0,1,0,0,1,0,1,116,228.582538,102,23.20027,A
35.275152,1,2,7,82.297438,2,6,10,124.421006,1,6,22,120.82173,1,7,18,162.312044,2,8,18,95.260971,2,5,11,1,1,0,0,0,0,1,1,0,0,0,1,86,620.388342,34,18.033796,A
32.385989,1,15,12,22.346181,1,8,10,88.984725,2,134,58,85.398135,1,22,35,35.73256,1,20,17,53.678814,2,40,40,0,1,0,0,0,0,1,1,0,0,0,0,172,318.526404,239,41.385644,A
34.496573,1,1,8,149.137532,3,14,10,306.441133,4,25,20,65.328715,1,5,14,27.363509,1,3,8,80.144222,1,12,15,0,1,0,0,1,0,1,1,0,1,1,0,75,662.911685,60,18.284443,A
145.27478,2,33,16,152.510984,1,19,25,184.014697,1,25,40,68.728316,2,11,10,168.311038,4,21,16,43.620518,1,9,10,0,0,0,1,0,1,1,0,0,1,0,1,117,762.460333,118,29.491116,A
36.697585,1,1,7,75.126434,1,3,10,103.39703,1,6,17,47.52011,1,4,10,67.816698,1,7,13,55.295892,1,3,10,1,1,0,1,0,1,1,1,0,1,1,1,67,385.85375,24,12.130674,A
322.645862,2,14,8,81.664226,1,6,10,401.002495,3,22,17,210.65916,2,16,21,269.214023,6,47,9,63.620008,1,4,10,0,1,0,0,0,1,1,1,0,0,1,1,75,1348.805774,109,27.904704,A
101.121812,2,41,7,43.199791,1,13,12,153.375199,3,57,21,47.868016,1,25,17,29.911111,1,7,8,34.330013,1,16,10,1,0,0,0,1,1,1,1,0,0,1,1,75,409.805942,159,21.908418,A
55.686324,1,1,7,84.103758,2,5,10,284.97402,3,19,18,42.617912,1,6,14,46.696565,2,3,8,44.532379,1,4,14,1,1,0,0,1,0,1,1,0,1,1,1,71,558.610958,38,15.292716,A
64.980737,1,7,7,80.730104,1,16,14,307.881446,4,42,16,170.037731,4,17,11,42.064984,1,4,8,75.213658,2,7,10,1,0,1,0,1,1,1,1,1,1,1,1,66,740.90866,93,19.624954,A
262.912098,26,95,34,86.981374,1,15,12,557.56295,4,111,19,81.667166,1,17,15,67.664221,1,11,12,48.834732,1,9,10,0,0,0,0,0,1,0,1,0,0,1,1,102,1105.622541,258,38.990291,A
80.250065,2,18,8,36.583389,1,12,10,135.45019,2,38,21,62.216757,4,37,12,26.283381,1,13,14,52.450084,1,11,14,0,1,0,0,0,0,1,1,0,1,1,1,79,393.233866,129,20.547682,A
34.500272,1,2,7,50.250479,2,3,10,109.600841,3,16,16,35.833929,1,3,10,25.516692,1,3,8,37.033468,1,6,14,1,1,1,1,1,0,1,1,1,1,1,1,65,292.735681,33,11.465001,A
33.798551,1,1,7,44.186757,1,4,10,255.965615,4,41,24,43.069505,1,18,16,44.620155,1,20,14,44.936979,1,11,14,1,1,0,0,0,0,1,1,0,0,1,1,85,466.577562,95,20.128088,A
23.63135,1,4,9,29.527175,1,10,10,67.663908,1,15,17,29.374394,1,9,10,26.013419,1,6,8,32.054833,1,10,10,0,1,0,1,1,1,1,1,0,1,1,1,64,208.265079,54,11.777386,A
17.918,1,2,7,34.760667,1,3,10,124.044333,3,17,17,39.391333,1,3,13,53.480667,1,4,12,59.497,1,7,16,1,1,0,0,0,0,1,1,0,1,1,0,75,329.092,36,13.593015,A
83.36741,2,6,7,144.429497,3,5,10,410.670855,4,16,17,97.325833,1,2,17,117.374262,1,2,16,177.825275,2,4,12,1,1,0,0,0,0,1,1,0,0,0,1,79,1030.993132,35,20.941412,A
207.056198,5,53,14,59.913452,1,10,10,321.499368,5,41,17,72.612825,2,8,10,103.961093,3,10,8,38.447922,1,4,10,0,1,0,1,1,1,1,1,0,1,1,1,69,803.490858,126,22.728826,A
59.605261,1,4,8,54.373185,1,9,10,187.147832,2,18,18,47.024444,1,6,10,46.557666,1,6,10,50.573696,1,4,10,0,1,0,1,0,1,1,1,0,1,1,1,66,445.282085,47,13.954017,A
26.500862,1,1,7,167.471077,3,10,10,348.720231,8,19,22,106.178032,3,3,10,139.086364,6,8,10,96.665731,1,2,12,1,1,0,1,0,0,1,1,0,1,1,1,71,884.622297,43,18.74461,A
62.68759,1,1,7,140.536388,9,8,10,128.19093,1,5,16,137.43969,1,6,12,121.705511,2,2,12,113.29597,1,3,10,1,1,1,0,0,1,1,1,1,1,1,1,67,703.856078,25,15.260199,A
48.951573,2,8,7,114.844137,4,36,10,218.702312,5,57,16,80.660985,3,13,10,105.261861,4,17,8,40.689853,2,10,10,1,1,1,1,1,1,1,1,1,1,1,1,61,609.110721,141,20.49772,A
44.468209,1,16,9,50.736557,2,14,10,88.267233,1,20,21,40.099366,1,4,10,37.348264,1,4,13,61.3902,2,7,10,0,1,0,1,0,1,1,1,0,1,1,1,73,322.309829,65,14.985825,A
25.818743,1,2,7,39.286078,2,5,10,71.439978,1,8,16,26.701973,1,4,10,23.118107,1,3,8,33.236005,1,4,10,1,1,1,1,1,1,1,1,1,1,1,1,61,219.600884,26,9.693081,A
276.037733,1,10,9,70.576885,1,5,10,169.414494,1,11,18,63.274122,1,4,10,106.907017,1,5,12,53.437245,1,5,10,0,1,0,1,0,1,1,1,0,1,1,1,69,739.647495,40,16.843316,A
222.426953,12,130,9,49.99806,1,10,10,159.071594,2,27,16,44.618697,1,5,10,65.304009,1,3,12,92.917845,1,7,14,0,1,1,1,0,0,1,1,1,1,1,1,71,634.337157,182,24.846737,A
368.407706,7,41,7,31.624853,1,4,10,109.115839,2,17,16,38.628503,1,2,10,47.938837,1,4,12,77.925654,2,7,10,1,1,1,1,0,1,1,1,1,1,1,1,65,673.641393,75,17.713662,A
85.596734,1,8,7,217.07118,7,16,10,150.40652,1,11,17,96.7101,1,5,15,59.137248,1,2,12,102.937465,2,7,10,1,1,0,0,0,1,1,1,0,0,1,1,71,711.859248,49,17.445343,A
630.392987,4,7,7,126.4886,3,7,13,244.44514,3,20,28,49.49366,1,2,10,44.5821,1,2,8,79.84202,2,5,10,1,0,0,1,1,1,1,1,0,1,1,1,76,1175.244507,43,22.345389,A
184.41132,3,11,7,68.198173,2,3,10,255.558747,5,13,16,173.878493,6,18,10,77.513733,2,5,8,32.93254,1,5,10,1,1,1,1,1,1,1,1,1,1,1,1,61,792.493007,55,16.997572,A
179.36272,3,12,7,60.637582,1,4,10,121.95823,1,5,16,83.522756,1,2,10,50.53683,1,2,8,73.271572,1,3,14,1,1,1,1,1,0,1,1,1,1,1,1,65,569.289691,28,13.826971,A
261.83093,4,90,17,43.503027,1,6,10,60.174345,1,4,16,38.45303,1,2,10,68.418438,1,3,14,101.913814,4,8,14,0,1,1,1,0,0,1,1,1,1,1,1,81,574.293584,113,21.632947,A
127.077335,5,6,7,174.152848,2,6,10,267.32088,3,8,24,41.864647,1,1,10,90.512087,2,2,12,40.681259,1,1,10,1,1,0,1,0,1,1,1,0,1,1,1,73,741.609056,24,16.519231,A
76.447469,2,16,9,41.306073,1,12,10,71.464376,1,25,25,46.454698,1,19,18,18.911744,1,12,13,26.04342,1,9,11,0,1,0,0,0,0,1,1,0,0,1,1,86,280.62778,93,18.370742,A
67.264133,1,9,7,75.818353,1,10,10,126.848993,1,15,19,56.059447,1,3,10,214.82552,5,13,10,38.066107,1,5,10,1,1,0,1,0,1,1,1,0,1,1,1,66,578.882553,55,15.733251,A
123.858487,1,15,12,100.499902,1,9,15,643.462464,4,90,59,93.824331,1,9,15,60.407054,1,7,12,160.924077,1,7,29,0,0,0,0,0,0,1,1,0,0,1,0,142,1182.976315,137,38.696189,A
33.305423,1,1,7,111.678944,2,3,10,153.514871,1,7,20,42.4856,1,2,10,56.014366,2,3,8,40.919488,1,3,11,1,1,0,1,1,0,1,1,0,1,1,1,66,437.918692,19,12.167315,A
55.376307,1,1,7,323.24244,6,16,10,289.49238,2,3,18,66.065987,1,2,10,44.661293,1,2,8,57.659967,1,2,10,1,1,0,1,1,1,1,1,0,1,1,1,63,836.498373,26,15.96391,A
48.144896,2,7,7,39.781938,3,16,10,196.67737,6,73,21,49.810749,2,18,10,22.822926,1,16,16,55.308176,2,17,14,1,1,0,1,0,0,1,1,0,1,0,1,78,412.546055,147,21.677597,A
16.74588,1,2,7,30.74296,1,8,10,91.560753,3,21,16,29.659453,1,6,10,18.51218,1,3,8,39.57512,2,6,10,1,1,1,1,1,1,1,1,1,1,1,1,61,226.796347,46,10.987975,A
65.239634,1,1,7,220.71762,5,14,10,343.898138,9,13,18,208.250558,4,13,10,58.391089,1,2,8,155.54208,4,4,10,1,1,0,1,1,1,1,1,0,1,1,1,63,1052.039119,47,19.330302,A
98.446713,1,31,7,28.551173,1,11,10,134.298873,2,39,16,42.32764,1,2,10,30.616267,1,3,8,43.56228,1,3,10,1,1,1,1,1,1,1,1,1,1,1,1,61,377.802947,89,15.079723,A
71.269041,2,5,7,74.697743,2,15,14,107.228091,2,12,16,32.665572,1,2,10,44.524183,1,3,8,44.223159,2,5,10,1,0,1,1,1,1,1,1,1,1,1,1,65,374.60779,42,12.806407,A
195.711653,1,32,26,54.75572,1,9,19,73.01286,1,8,17,47.997533,1,8,13,105.58674,3,16,12,77.51294,1,7,18,0,0,0,0,0,0,0,0,0,1,1,0,105,554.577447,80,23.244873,A
45.878428,1,1,7,116.014346,2,4,10,166.018749,1,4,17,102.076048,2,5,10,78.576187,1,1,12,86.560837,2,5,10,1,1,0,1,0,1,1,1,0,1,1,1,66,595.124595,20,13.745393,A
242.724432,3,33,22,103.45602,3,32,18,201.831555,5,85,35,18.57241,1,9,10,49.670627,2,17,19,32.664138,1,10,15,0,0,0,1,0,0,0,0,0,1,0,0,119,648.919181,186,32.880887,A
67.16651,1,4,11,157.272676,2,10,10,598.723824,3,21,22,231.578472,3,24,17,55.839033,1,2,8,126.072548,1,9,18,0,1,0,0,1,0,1,1,0,0,1,0,86,1236.653064,70,26.185682,A
140.29136,1,2,11,189.46064,6,4,10,305.076,8,20,16,35.41904,1,3,10,24.6818,1,2,8,38.80688,1,3,10,0,1,1,1,1,1,1,1,1,1,1,1,65,733.73572,34,15.781272,A
113.123338,1,11,9,72.3449,1,13,12,366.670905,4,26,22,64.189075,1,4,12,84.747624,1,5,14,81.864912,1,3,12,0,0,0,0,0,0,1,1,0,1,1,1,81,782.940754,62,20.521138,A
97.013792,1,5,9,148.67001,2,9,15,1080.815802,6,66,46,351.579234,1,31,36,97.713598,1,12,14,120.10905,1,19,24,0,0,0,0,0,0,1,1,0,0,1,0,144,1895.901486,142,46.199911,A
72.996628,1,7,8,55.205402,2,9,10,112.926194,2,16,16,47.492763,1,2,11,41.195809,1,4,10,38.913656,1,3,10,0,1,1,0,0,1,1,1,1,1,1,1,65,368.730453,41,12.688426,A
133.978466,4,22,9,27.898969,1,10,12,40.648809,1,28,26,24.415798,1,11,10,15.39942,1,9,13,46.748313,3,17,10,0,0,0,1,0,1,1,1,0,1,1,1,80,289.089775,97,17.741437,A
38.016678,1,4,7,53.82884,2,9,10,103.274061,1,9,17,90.055187,1,8,18,48.357345,1,5,8,36.209211,1,6,12,1,1,0,0,1,0,1,1,0,0,1,1,72,369.741322,41,13.813565,A
38.834956,1,1,7,90.570438,2,7,10,225.759511,3,6,24,60.80252,1,5,13,80.269961,1,3,15,100.887499,2,4,12,1,1,0,0,0,0,1,1,0,1,0,1,81,597.124884,26,16.522446,A
176.163907,2,8,13,440.146825,6,27,10,88.978091,1,7,18,44.681915,2,5,11,111.092097,5,12,8,22.383007,1,10,10,0,1,0,0,1,1,1,1,0,1,1,1,70,883.445842,69,20.167028,A
310.039418,4,14,13,99.140521,1,4,18,178.244415,1,15,38,176.522672,1,5,23,80.176594,1,2,12,85.118336,1,9,17,0,0,0,0,0,0,1,0,0,0,1,0,121,929.241955,49,27.509808,A
112.067901,2,15,8,45.73003,1,7,10,102.175502,2,21,16,63.065834,1,5,10,66.736323,2,6,8,79.256728,1,13,20,0,1,1,1,1,0,1,1,1,1,1,0,72,469.032317,67,16.364686,A
151.925041,1,12,8,68.87676,1,4,12,184.049055,2,9,16,47.810339,1,2,10,44.330071,1,3,8,63.348238,1,5,10,0,0,1,1,1,1,1,1,1,1,1,1,64,560.339505,35,14.010188,A
103.918713,1,24,13,302.887967,11,64,10,98.380867,2,21,16,237.108593,3,14,14,47.213353,1,5,14,28.410007,1,7,12,0,1,1,0,0,0,1,1,1,1,1,1,79,817.9195,135,25.01291,A
109.982146,1,17,9,50.838755,1,12,10,52.14933,1,22,32,36.782946,1,11,11,25.866375,1,11,14,85.949068,1,29,29,0,1,0,0,0,0,1,1,0,1,1,0,105,361.56862,102,22.730639,A
133.378,4,11,11,55.332,1,3,10,194.621,3,13,16,65.32,1,8,12,52.471,1,5,12,57.471,1,5,10,0,1,1,0,0,1,1,1,1,1,1,1,71,558.593,45,15.721457,A
31.876989,1,1,7,71.969113,2,8,10,91.998433,1,11,16,66.853399,1,7,14,40.291787,1,3,8,47.240596,1,5,10,1,1,1,0,1,1,1,1,1,1,1,1,65,350.230318,35,12.142286,A
65.707672,1,9,9,84.535485,1,10,10,373.690728,2,29,16,128.848565,2,8,10,147.943296,3,7,8,88.267998,1,6,12,0,1,1,1,1,0,1,1,1,1,1,1,65,888.993744,69,19.423853,A
29.38434,1,10,10,26.820659,1,12,10,65.377791,1,19,18,48.163727,1,11,11,34.46197,2,8,8,25.188559,1,10,10,0,1,0,0,1,1,1,1,0,1,1,1,67,229.397046,70,13.439676,A
72.702,1,1,14,94.609667,2,6,10,174.661,1,9,39,133.545333,2,5,12,77.094667,1,1,16,103.834667,1,3,17,0,1,0,0,0,0,1,1,0,1,0,0,108,656.447334,25,21.33575,A
35.053731,1,1,7,86.742689,2,3,10,123.899741,1,25,26,91.888861,1,10,16,47.569136,1,5,12,59.935289,1,4,10,1,1,0,0,0,1,1,1,0,0,1,1,81,445.089446,48,16.403545,A
48.822539,1,5,7,45.100675,1,4,10,104.821244,1,11,16,53.651172,1,7,10,46.391835,1,4,8,56.099497,1,6,10,1,1,1,1,1,1,1,1,1,1,1,1,61,354.886962,37,11.672399,A
48.393887,2,2,7,71.706764,2,6,10,426.657218,6,39,20,50.559553,1,5,11,28.86265,1,3,8,115.600607,2,16,14,1,1,0,0,1,0,1,1,0,1,1,1,70,741.780679,71,18.922716,A
141.63126,2,22,9,66.346602,1,7,10,303.637053,2,23,18,70.398447,1,9,11,59.109991,1,22,13,65.562914,1,22,18,0,1,0,0,0,0,1,1,0,1,1,0,79,706.686267,105,22.101471,A
65.313967,3,1,7,74.196944,2,3,10,81.296567,1,3,16,54.297715,1,3,12,39.931627,1,4,10,41.514914,1,4,10,1,1,1,0,0,1,1,1,1,1,1,1,65,356.551735,18,11.16163,A
89.178534,2,7,7,49.684608,2,5,10,106.112285,2,10,16,118.784407,1,4,10,70.181119,2,6,8,81.769778,1,5,10,1,1,1,1,1,1,1,1,1,1,1,1,61,515.710732,37,13.224111,A
139.205063,2,8,9,141.504249,2,13,14,127.074909,1,10,16,63.23734,1,4,11,64.837051,1,5,15,69.3029,1,2,10,0,0,1,0,0,1,1,1,1,1,0,1,75,605.161512,42,16.624318,A
69.638802,2,6,7,57.04799,1,6,12,316.459661,3,14,30,200.538035,3,6,15,64.337157,1,5,12,104.184321,1,7,23,1,0,0,0,0,0,1,1,0,0,1,0,99,812.205967,44,22.568718,A
43.633876,1,16,7,28.033756,1,13,10,123.884846,2,19,19,38.733869,1,5,12,24.500248,1,3,8,35.767132,1,4,14,1,1,0,0,1,0,1,1,0,1,1,1,70,294.553727,60,13.93363,A
268.649034,4,37,7,56.578973,1,7,10,80.309836,1,7,16,110.441968,1,7,12,53.67854,1,4,10,43.663364,1,4,10,1,1,1,0,0,1,1,1,1,1,1,1,65,613.321714,66,16.580205,A
38.262584,1,4,9,72.529222,1,6,10,97.017739,1,7,16,131.689484,1,8,18,97.487763,1,8,17,63.837354,1,7,12,0,1,1,0,0,0,1,1,1,0,0,1,82,500.824147,40,16.610456,A
46.478789,1,7,7,127.555503,2,18,16,100.558245,3,12,18,64.36127,1,5,14,65.911288,1,4,12,50.645454,3,8,10,1,0,0,0,0,1,1,1,0,1,1,1,77,455.510549,54,16.23437,A
52.980638,1,1,9,127.599157,2,3,10,131.983587,1,5,16,50.64715,1,3,10,61.076496,2,3,8,37.317315,1,2,10,0,1,1,1,1,1,1,1,1,1,1,1,63,461.604343,17,11.795277,A
31.7227,1,5,7,54.281327,3,8,10,66.244207,1,7,17,37.037545,1,3,12,42.052433,2,3,8,30.489704,1,3,10,1,1,0,0,1,1,1,1,0,1,1,1,64,261.827917,29,10.762352,A
30.399997,1,1,7,57.0873,1,2,10,94.829095,1,5,17,115.206821,3,20,12,48.513394,1,12,11,40.339023,1,9,10,1,1,0,0,0,1,1,1,0,1,1,1,67,386.375631,49,13.667545,A
77.534902,2,2,7,221.15471,2,14,10,331.699989,2,10,16,182.439245,1,2,10,58.632489,1,3,8,54.650652,1,4,10,1,1,1,1,1,1,1,1,1,1,1,1,61,926.111986,35,17.061328,A
107.185755,3,6,7,441.485474,7,23,10,285.797176,4,8,16,65.192412,1,3,12,34.336341,1,2,8,100.178224,2,3,10,1,1,1,0,1,1,1,1,1,1,1,1,63,1034.175382,45,19.035396,A
139.640889,3,17,9,49.273948,1,3,10,220.002396,5,13,17,50.881186,2,4,10,76.486344,2,6,8,47.932277,1,5,10,0,1,0,1,1,1,1,1,0,1,1,1,64,584.21704,48,15.037126,A
97.35006,1,6,15,89.75142,1,8,12,231.21244,1,19,30,113.84824,1,39,20,106.0984,2,8,8,78.165453,1,10,17,0,0,0,0,1,0,1,1,0,0,1,0,102,716.426013,90,24.941184,A
55.050006,1,2,7,71.644904,1,15,14,112.825159,1,19,25,30.193555,1,12,14,21.343496,1,15,19,53.738199,2,20,19,1,0,0,0,0,0,1,1,0,1,0,0,98,344.79532,83,20.28922,A
71.455,2,10,7,104.716,2,6,10,239.797333,2,28,21,96.299,1,9,20,84.332,1,5,13,57.315,1,4,10,1,1,0,0,0,1,1,1,0,0,1,1,81,653.914333,62,19.276224,A
381.650597,9,28,7,75.347007,1,11,10,113.820349,1,7,16,50.553369,1,3,10,66.649109,2,4,8,110.537645,2,7,10,1,1,1,1,1,1,1,1,1,1,1,1,61,798.558076,60,17.362458,A
23.399325,1,2,7,64.215072,2,5,10,172.312372,2,12,17,65.115099,2,4,10,26.465996,1,2,8,37.315667,1,3,10,1,1,0,1,1,1,1,1,0,1,1,1,62,388.823532,28,11.607717,A
103.933273,2,11,7,277.950375,4,35,10,441.133739,5,37,16,135.799856,3,13,12,119.983496,2,8,13,71.13336,1,1,10,1,1,1,0,0,1,1,1,1,1,1,1,68,1149.934099,105,24.625407,A
907.014173,13,214,31,63.647454,1,10,10,64.097437,2,17,16,42.41497,1,9,10,30.315454,1,5,8,44.048238,1,10,10,0,1,1,1,1,1,0,1,1,1,1,1,85,1151.537726,265,37.153424,A
33.247472,1,7,9,52.765365,1,7,12,81.6755,1,13,19,146.518796,2,39,14,148.053716,3,14,10,36.350354,1,6,10,0,0,0,0,0,1,1,1,0,1,1,1,74,498.611204,86,18.132955,A
30.632897,1,1,7,46.69956,2,5,10,46.749402,1,7,16,33.149571,1,4,12,22.516304,1,2,8,27.916311,1,4,10,1,1,1,0,1,1,1,1,1,1,1,1,63,207.664044,23,9.71277,A
149.154458,6,59,15,85.090957,1,29,24,47.102426,1,19,18,34.456174,1,13,12,35.755842,2,23,13,44.653114,1,14,17,0,0,0,0,0,0,1,0,0,1,1,0,99,396.212972,157,25.478899,A
178.533226,6,25,15,318.543118,10,25,10,225.934176,4,34,18,46.47742,1,3,10,34.617125,1,5,12,41.716877,1,6,10,0,1,0,1,0,1,1,1,0,1,1,1,75,845.821943,98,22.377647,A
24.217208,1,1,7,33.134163,1,2,10,61.134945,1,2,17,52.368018,1,4,12,47.217848,1,2,14,33.784122,1,2,10,1,1,0,0,0,1,1,1,0,1,1,1,70,251.856304,13,10.641811,A
42.097515,1,7,11,47.549347,1,10,14,104.618337,1,17,19,37.812682,1,3,10,64.271638,2,7,12,111.66026,1,15,19,0,0,0,1,0,0,1,1,0,1,1,0,85,408.009779,59,17.357152,A
58.792698,1,1,8,46.316675,1,9,10,115.514166,1,10,16,50.324787,1,4,10,58.789484,1,5,8,59.176472,1,6,10,0,1,1,1,1,1,1,1,1,1,1,1,62,388.914283,35,12.037507,A
117.054603,1,15,17,212.216747,1,13,10,450.838191,3,41,25,188.060046,3,16,14,44.467829,1,6,12,99.05777,1,8,24,0,1,0,0,0,0,1,1,0,1,1,0,102,1111.695186,99,29.306407,A
87.416789,1,13,9,40.44213,1,10,10,262.998298,3,42,47,72.007804,1,13,16,71.342895,2,6,12,55.518471,2,11,12,0,1,0,0,0,0,1,1,0,0,1,1,106,589.726388,95,24.66245,A
58.903166,1,3,7,96.457482,1,6,14,526.173123,5,44,26,95.788426,1,12,16,66.765424,1,5,14,34.560811,1,5,11,1,0,0,0,0,0,1,1,0,0,1,1,88,878.648432,75,23.356516,A
41.026646,1,6,7,41.1432,1,5,10,141.993692,2,14,20,54.307849,1,5,10,128.762422,4,8,8,63.622932,2,8,10,1,1,0,1,1,1,1,1,0,1,1,1,65,470.856742,46,13.98016,A
49.782334,1,6,7,36.799434,1,4,10,134.147982,1,3,17,34.599493,1,4,10,70.265597,2,4,8,58.132429,1,5,14,1,1,0,1,1,0,1,1,0,1,1,1,66,383.72727,26,12.073362,A
31.380936,1,1,7,69.953538,2,12,10,96.522737,2,21,17,38.306333,1,7,10,35.376289,1,4,13,57.584592,2,15,10,1,1,0,1,0,1,1,1,0,1,1,1,67,329.124426,60,13.789163,A
22.149211,1,1,7,76.263591,4,7,10,60.847753,1,23,16,35.481834,1,2,10,26.749098,1,2,8,56.381261,2,10,12,1,1,1,1,1,0,1,1,1,1,1,1,63,277.872748,45,11.738195,A
35.281342,1,1,7,109.59938,2,8,10,134.199516,2,13,16,134.433232,4,10,10,82.428914,2,8,10,55.308712,1,5,12,1,1,1,1,0,0,1,1,1,1,1,1,65,551.251096,45,14.694574,A
138.582859,2,27,7,69.860649,1,14,16,180.145787,2,55,41,130.444716,2,31,27,46.027326,1,9,14,65.044072,1,12,15,1,0,0,0,0,0,1,1,0,0,1,0,120,630.10541,148,30.530312,A
106.963568,2,6,8,43.585224,1,6,10,98.266702,1,6,18,89.519722,1,8,17,44.568337,1,3,10,42.218988,1,3,10,0,1,0,0,0,1,1,1,0,0,1,1,73,425.12254,32,13.955792,A
195.739525,3,11,11,38.06414,1,6,10,155.174498,1,12,16,88.849757,1,7,17,54.820498,1,5,12,48.417986,1,8,12,0,1,1,0,0,0,1,1,1,0,1,1,78,581.066404,49,17.298772,A
62.654624,1,10,9,43.098826,1,13,10,248.311398,3,34,24,50.416696,1,4,10,46.455895,1,4,10,140.170556,3,13,17,0,1,0,1,0,0,1,1,0,1,1,0,80,591.107993,78,19.49127,A
124.229255,3,47,7,48.252944,1,11,10,79.123076,1,11,18,115.836988,3,27,10,34.416659,1,14,14,36.963991,1,12,12,1,1,0,1,0,0,1,1,0,1,1,1,71,438.822913,122,19.283908,A
36.821327,1,11,7,42.4424,1,11,12,162.72836,2,14,16,58.62514,2,4,10,93.058967,5,8,8,47.2134,1,3,10,1,0,1,1,1,1,1,1,1,1,1,1,63,440.889593,51,13.678707,A
48.268424,1,2,7,170.712067,3,14,10,167.714578,1,9,18,109.0905,1,5,20,119.546358,2,5,15,116.799304,1,8,22,1,1,0,0,0,0,1,1,0,0,0,0,92,732.131231,43,20.619456,A
67.859347,1,2,10,92.60708,2,5,10,328.785927,3,24,42,96.464453,1,5,19,63.552547,1,4,22,84.57922,1,12,18,0,1,0,0,0,0,1,1,0,0,0,0,121,733.848573,52,25.808371,A
93.017045,1,9,13,86.549353,1,11,16,104.976856,1,8,16,59.374376,1,4,10,65.535528,2,5,8,48.565839,1,6,10,0,0,1,1,1,1,1,1,1,1,1,1,73,458.018997,43,14.947202,A
115.131394,2,21,9,39.160265,1,4,10,280.487562,4,31,16,81.303428,2,5,10,51.191508,2,6,8,67.972547,2,8,11,0,1,1,1,1,0,1,1,1,1,1,1,64,635.246705,75,17.183869,A
37.450817,1,1,7,50.034099,1,4,10,80.651469,1,4,16,37.550241,1,3,10,26.433496,1,2,8,43.584021,1,3,10,1,1,1,1,1,1,1,1,1,1,1,1,61,275.704144,17,9.682934,A
66.555033,1,8,7,47.709248,1,10,10,93.12683,1,14,19,56.488441,1,8,10,30.167328,1,6,8,62.358027,1,9,12,1,1,0,1,1,0,1,1,0,1,1,1,66,356.404907,55,13.586671,A
146.527476,4,47,15,34.81323,1,5,10,162.362283,2,14,28,106.079145,2,13,18,35.607913,1,6,12,32.914014,1,3,10,0,1,0,0,0,1,1,1,0,0,1,1,93,518.304061,88,21.472985,A
116.968329,1,21,10,78.684629,1,17,15,312.03775,4,49,16,74.284441,1,17,16,59.700775,1,15,13,47.300656,1,10,10,0,0,1,0,0,1,1,1,1,0,1,1,80,688.97658,129,23.560502,A
68.519718,1,3,9,1092.3325,6,37,10,131.888257,1,6,16,116.281134,1,2,10,76.482794,1,2,8,84.612833,2,5,10,0,1,1,1,1,1,1,1,1,1,1,1,63,1570.117236,55,24.819176,A
176.535308,2,25,14,56.748592,1,11,10,99.553426,1,9,16,74.30614,1,3,10,32.38492,1,3,8,67.80306,2,7,10,0,1,1,1,1,1,1,1,1,1,1,1,68,507.331446,58,15.545391,A
116.488528,3,10,7,159.191551,5,28,10,116.955864,2,23,18,87.187607,3,18,12,53.3026,3,18,12,43.302119,1,8,10,1,1,0,0,0,1,1,1,0,1,1,1,69,576.42827,105,19.251266,A
33.351113,1,2,8,65.530033,1,6,14,138.60096,3,5,32,75.89246,2,10,12,28.02802,1,3,12,38.92222,1,5,10,0,0,0,0,0,1,1,1,0,1,1,1,88,380.324807,31,15.8524,A
20.177424,1,1,8,102.970273,2,4,14,283.750682,3,8,30,98.738003,1,2,14,69.929477,2,6,14,90.19036,1,3,17,0,0,0,0,0,0,1,1,0,1,1,0,97,665.756218,24,19.611544,A
51.432408,3,3,7,25.149312,1,2,10,138.246286,3,11,16,29.065964,1,2,10,30.431995,1,2,8,87.182213,2,5,11,1,1,1,1,1,0,1,1,1,1,1,1,62,361.508178,25,11.160344,A
280.828424,8,58,7,57.668165,1,10,10,166.776964,3,20,16,117.643271,2,5,10,56.039792,1,2,8,96.597633,1,5,15,1,1,1,1,1,0,1,1,1,1,1,0,66,775.554249,100,20.388147,A
80.607747,2,12,9,67.958201,1,13,14,176.161802,1,15,39,147.008321,1,14,27,49.041862,1,2,12,74.844376,1,6,10,0,0,0,0,0,1,1,1,0,0,1,1,111,595.62231,62,23.494018,A
60.561333,1,5,9,33.272858,1,8,10,207.272117,3,38,28,32.572756,1,4,10,40.174109,1,3,8,81.498583,1,7,22,0,1,0,1,1,0,1,1,0,1,1,0,87,455.351755,65,18.500255,A
61.4706,1,14,15,79.5502,2,25,12,221.70402,3,41,20,31.993373,1,8,10,76.59088,3,11,8,46.790333,1,11,14,0,0,0,1,1,0,1,1,0,1,1,1,79,518.099407,110,20.588254,A
61.831751,1,12,10,63.348953,2,5,12,93.131789,1,9,26,28.44951,1,2,10,31.982771,1,2,14,86.831791,1,4,26,0,0,0,1,0,0,1,1,0,1,1,0,98,365.576565,34,17.48733,A
21.248014,1,15,7,26.693425,1,11,10,84.059943,1,15,25,159.627102,2,12,16,35.235706,1,7,14,61.545603,1,9,18,1,1,0,0,0,0,1,1,0,0,1,0,90,388.409794,69,18.57748,A
78.212848,2,20,8,63.93029,2,20,10,150.892973,3,17,16,64.780263,1,4,14,62.38036,1,4,12,64.396958,1,13,13,0,1,1,0,0,0,1,1,1,1,1,1,73,484.593692,78,17.348179,A
104.079706,5,12,7,91.290929,1,10,10,284.192408,3,100,34,435.811372,6,155,23,66.996605,1,14,18,62.277813,1,19,11,1,1,0,0,0,0,1,1,0,0,0,1,103,1044.648833,310,41.747545,A
38.214041,1,8,7,57.366909,2,7,10,76.147855,1,9,16,132.778533,2,9,14,45.781554,1,2,12,217.617673,4,13,14,1,1,1,0,0,0,1,1,1,1,1,1,73,567.906565,48,16.313821,A
962.077675,7,127,7,38.542416,1,5,10,119.226661,2,10,16,95.981006,1,8,17,56.571903,1,4,12,169.100243,2,15,12,1,1,1,0,0,0,1,1,1,0,1,1,74,1441.499904,169,32.31613,A
104.840941,2,13,8,34.218816,1,10,10,136.192951,3,28,17,67.020848,2,8,10,43.153397,1,4,12,62.037507,1,10,13,0,1,0,1,0,0,1,1,0,1,1,1,70,447.464461,73,16.205547,A
101.435537,3,24,7,24.573922,1,10,10,291.307436,5,78,43,68.154867,3,20,13,66.581465,1,8,8,24.360502,1,10,10,1,1,0,0,1,1,1,1,0,1,1,1,91,576.41373,150,25.513929,A
398.196573,6,41,9,30.3048,1,5,10,84.92756,2,9,16,28.214633,1,4,10,73.60736,3,12,12,45.138487,1,4,10,0,1,1,1,0,1,1,1,1,1,1,1,67,660.389413,75,17.904482,A
33.091945,1,2,7,127.892652,4,9,10,227.376801,4,16,16,31.850249,1,3,10,51.808747,1,6,14,52.350419,1,6,15,1,1,1,1,0,0,1,1,1,1,1,0,72,524.370813,42,15.366784,A
30.52612,1,2,7,24.6941,1,4,10,86.996065,1,15,16,56.386647,1,7,10,34.358571,1,4,8,158.945722,2,12,12,1,1,1,1,1,0,1,1,1,1,1,1,63,391.907226,44,12.777186,A
408.132333,2,2,7,69.521,1,13,10,358.425,4,81,43,276.136,5,44,17,49.336,1,11,13,41.954,2,14,10,1,1,0,0,0,1,1,1,0,0,1,1,100,1203.504334,165,33.917594,A
68.307094,1,15,11,138.814388,1,12,10,114.611697,1,17,17,103.477511,1,12,18,66.640175,1,8,11,53.038688,1,9,10,0,1,0,0,0,1,1,1,0,0,1,1,77,544.889553,73,18.260941,A
22.398335,1,7,7,27.348133,1,10,10,124.132632,2,38,24,52.978929,1,12,14,55.081384,1,12,14,39.551218,1,10,10,1,1,0,0,0,1,1,1,0,1,1,1,79,321.490632,89,17.404528,A
113.198078,4,4,7,215.140372,5,11,10,113.633024,1,10,19,102.912207,2,14,17,42.81737,1,7,14,55.997112,1,7,15,1,1,0,0,0,0,1,1,0,0,1,0,82,643.698163,53,18.785533,A
190.202737,7,26,9,107.175564,2,12,12,244.748638,3,8,16,177.886904,5,8,10,67.66171,1,3,12,78.277551,1,4,18,0,0,1,1,0,0,1,1,1,1,1,0,77,865.953104,61,20.623447,A
51.637248,1,3,9,34.285528,1,4,10,136.726225,2,10,18,167.311208,3,9,10,69.554862,1,4,14,82.305666,1,5,14,0,1,0,1,0,0,1,1,0,1,1,1,75,541.820738,35,15.584259,A
171.459945,4,41,19,57.285906,1,13,12,78.393229,1,8,16,70.521231,1,6,14,50.147785,1,4,13,58.920212,1,7,18,0,0,1,0,0,0,0,1,1,1,1,0,92,486.728308,79,20.457524,A
340.44118,3,10,17,125.31038,1,11,16,506.789434,6,49,19,96.68876,1,5,14,61.97278,1,3,12,71.04678,1,4,10,0,0,0,0,0,1,1,1,0,1,1,1,88,1202.249314,82,26.9077,A
14.947463,1,4,8,312.442703,3,41,23,46.209774,1,14,31,37.385038,1,6,18,28.960536,1,4,15,80.859444,1,19,39,0,0,0,0,0,0,1,0,0,0,0,0,134,520.804958,88,28.030091,A
59.515156,1,4,8,59.848162,1,11,18,100.368415,1,6,24,100.16857,3,14,17,41.95199,1,2,9,145.982775,1,7,21,0,0,0,0,0,0,1,0,0,0,1,0,97,507.835069,44,19.313307,A
108.532973,1,3,7,96.925127,2,8,10,179.003687,3,13,16,95.416633,1,6,12,47.005273,1,5,12,53.3146,1,3,10,1,1,1,0,0,1,1,1,1,1,1,1,67,580.198293,38,14.863639,A
54.401072,1,2,8,129.284905,2,10,12,292.488029,5,25,16,47.633943,1,2,11,111.467818,3,5,8,97.617387,1,3,12,0,0,1,0,1,0,1,1,1,1,1,1,67,732.893154,47,16.888379,A
141.838085,24,12,9,277.198181,8,25,10,132.55634,11,9,16,63.937038,1,4,12,70.968817,1,8,12,113.976188,11,7,14,0,1,1,0,0,0,1,1,1,1,1,1,73,800.474649,65,19.599407,A
161.7919,3,16,7,746.138253,12,103,24,292.168554,4,36,21,58.32632,1,10,16,42.22526,1,5,10,37.4133,1,4,10,1,0,0,0,0,1,1,0,0,0,1,1,88,1338.063587,174,33.855262,A
196.843223,2,49,11,150.109762,2,17,14,191.005554,3,17,17,81.243344,2,7,10,79.096199,2,4,12,72.146491,2,8,11,0,0,0,1,0,0,1,1,0,1,1,1,75,770.444573,102,21.895461,A
45.814306,1,6,7,73.345745,3,13,10,94.061473,1,11,16,53.763301,1,5,10,40.814446,1,3,8,47.913951,1,5,10,1,1,1,1,1,1,1,1,1,1,1,1,61,355.713222,43,12.048012,A
24.360602,1,2,7,64.139376,2,6,12,95.007708,1,10,16,41.659886,1,3,10,42.739232,1,4,9,58.442783,1,5,10,1,0,1,1,0,1,1,1,1,1,1,1,64,326.349587,30,11.446164,A
110.207663,1,4,8,116.946664,1,29,12,180.56469,1,31,25,43.749616,1,5,10,61.398737,1,7,12,94.200158,2,9,14,0,0,0,1,0,0,1,1,0,1,1,1,81,607.067529,85,20.233511,A
88.39679,2,3,8,55.047375,1,4,12,126.210641,1,5,17,75.879921,2,4,10,57.430594,1,3,12,226.3394,7,17,16,0,0,0,1,0,0,1,1,0,1,1,0,75,629.304722,36,16.489623,A
48.081148,1,1,7,105.295143,1,6,18,84.096099,1,9,24,42.464707,1,6,10,36.414975,1,4,10,45.924605,10,5,11,1,0,0,1,0,0,1,0,0,1,1,1,80,362.276677,31,14.403535,A
70.081302,1,13,8,58.696902,1,7,10,450.794297,3,27,26,122.060653,3,7,11,73.811983,2,17,14,40.415063,1,6,14,0,1,0,0,0,0,1,1,0,1,1,1,83,815.8602,77,22.076545,A
72.230366,1,7,13,52.052463,1,33,12,85.010698,1,13,18,98.406695,2,17,14,41.755536,1,5,12,31.108223,1,5,10,0,0,0,0,0,1,1,1,0,1,1,1,79,380.563982,80,17.423038,A
41.059181,1,5,7,42.9158,2,6,10,171.294822,3,17,16,44.772085,1,2,10,26.659352,1,2,8,39.570783,1,7,12,1,1,1,1,1,0,1,1,1,1,1,1,63,366.272024,39,12.223477,A
31.479667,1,2,7,72.022,3,9,10,212.374667,4,32,16,34.868,1,4,12,24.619,1,3,8,62.348,2,9,10,1,1,1,0,1,1,1,1,1,1,1,1,63,437.711333,59,14.138229,A
30.596986,1,4,7,49.562046,1,4,18,111.118335,1,13,33,30.430828,1,1,10,35.363168,1,3,13,41.245708,1,3,19,1,0,0,1,0,0,1,0,0,1,1,0,100,298.317071,28,16.789416,A
100.860699,2,30,7,35.408436,1,6,10,93.802899,1,10,22,62.628103,1,6,13,38.889474,1,3,14,88.307696,3,11,10,1,1,0,0,0,1,1,1,0,1,1,1,76,419.897307,66,16.466696,A
31.182087,1,8,7,41.498341,1,12,10,143.510927,1,33,40,41.065024,1,13,16,50.481314,1,11,20,46.464808,1,13,20,1,1,0,0,0,0,1,1,0,0,0,0,113,354.202502,90,23.199012,A
56.614112,2,6,7,54.114042,2,12,10,226.322565,6,25,16,80.196325,2,6,18,57.98029,2,3,8,160.959098,3,6,10,1,1,1,0,1,1,1,1,1,0,1,1,69,636.186432,58,16.947992,A
62.865813,2,4,8,67.646207,1,9,14,366.813267,5,50,16,123.723507,1,23,23,49.536433,1,10,14,69.83778,1,17,20,0,0,1,0,0,0,1,1,1,0,1,0,95,740.423007,113,25.466622,A
269.767346,11,39,9,290.547204,5,19,14,200.429888,2,21,19,91.520645,1,6,18,115.574112,2,8,10,51.297675,1,5,10,0,0,0,0,0,1,1,1,0,0,1,1,80,1019.13687,98,24.846584,A
124.062138,2,17,7,56.777716,1,15,12,215.955565,4,19,17,41.592608,1,13,10,71.130574,2,5,8,38.262535,2,4,10,1,0,0,1,1,1,1,1,0,1,1,1,64,547.781136,73,16.217409,A
26.081317,1,1,7,115.041121,2,7,20,166.320693,2,13,18,48.679419,1,2,10,54.512577,1,3,10,82.277205,1,4,18,1,0,0,1,0,0,1,0,0,1,1,0,83,492.912333,30,16.080725,A
78.968413,1,7,15,82.878576,1,9,10,225.942438,3,46,18,24.050109,1,9,10,24.751849,1,5,8,38.005323,1,5,12,0,1,0,1,1,0,1,1,0,1,1,1,73,474.596708,81,17.435543,A
114.017101,2,20,13,52.937155,1,10,13,80.712779,1,11,16,51.638285,1,3,10,71.604135,1,5,14,42.745996,1,4,10,0,0,1,1,0,1,1,1,1,1,1,1,76,413.655451,53,15.609916,A
181.703066,11,43,9,40.148509,1,11,10,207.762609,3,39,16,38.631103,1,5,11,42.199288,2,6,8,48.56828,1,6,11,0,1,1,0,1,0,1,1,1,1,1,1,65,559.012856,110,18.752236,A
49.314802,1,14,9,25.832313,1,11,10,57.914425,1,41,50,101.046031,3,38,34,31.548775,1,17,22,36.465273,1,14,20,0,1,0,0,0,0,1,1,0,0,0,0,145,302.12162,135,30.552721,A
44.789683,1,10,7,30.787967,1,11,10,50.840528,1,14,16,22.269604,1,14,10,18.618755,1,8,8,38.675363,1,3,10,1,1,1,1,1,1,1,1,1,1,1,1,61,205.981901,60,11.644975,A
55.374565,3,6,7,30.949843,1,5,10,119.916011,1,13,16,53.406799,1,5,10,68.228054,2,10,8,34.395835,1,6,10,1,1,1,1,1,1,1,1,1,1,1,1,61,362.271107,45,12.233833,A
97.853114,2,3,7,115.567619,3,11,10,116.81029,1,4,17,167.798251,5,32,19,41.548252,1,9,12,80.716531,1,9,24,1,1,0,0,0,0,1,1,0,0,1,0,89,620.294057,68,20.594206,A
42.564536,1,7,7,31.948367,1,10,10,272.169557,2,58,43,99.311514,3,32,20,37.48142,1,14,14,51.547374,1,27,27,1,1,0,0,0,0,1,1,0,0,1,0,121,535.022769,148,29.772247,A
21.642328,1,1,7,138.684676,3,9,10,186.302464,5,22,16,46.980862,1,6,12,38.350641,1,5,8,34.069248,1,6,10,1,1,1,0,1,1,1,1,1,1,1,1,63,466.03022,49,13.79873,A
224.591021,3,5,7,165.876702,3,10,12,110.078934,1,9,19,58.064345,1,2,12,36.531873,1,3,8,100.829303,2,7,12,1,0,0,0,1,0,1,1,0,1,1,1,70,695.972179,36,16.336161,A
76.716753,2,8,10,40.049925,1,6,10,66.699979,1,11,16,64.633359,1,6,12,44.150021,2,6,8,48.46659,1,6,10,0,1,1,0,1,1,1,1,1,1,1,1,66,340.716628,43,12.700022,A
852.536662,4,46,7,92.314214,1,10,10,142.7083,2,31,24,123.879003,2,15,10,49.961266,1,5,12,169.778262,3,15,15,1,1,0,1,0,0,1,1,0,1,1,0,78,1431.177707,122,29.974048,A
24.420989,1,3,9,37.473303,1,4,10,219.005186,4,28,16,67.345572,2,8,10,74.480187,2,10,8,116.337454,2,14,12,0,1,1,1,1,0,1,1,1,1,1,1,65,539.062691,67,15.924989,A
167.480604,1,7,14,66.822144,1,9,10,224.956075,1,12,30,205.131061,4,12,10,56.576431,1,2,12,110.689562,3,9,10,0,1,0,1,0,1,1,1,0,1,1,1,86,831.655877,51,21.113863,A
100.438627,1,19,7,131.34458,2,39,12,115.72994,1,8,16,491.25964,4,61,14,80.977,1,5,12,343.624947,3,29,24,1,0,1,0,0,0,1,1,1,1,1,0,85,1263.374734,161,31.860048,A
55.026277,1,5,8,70.528988,1,16,12,118.709649,1,9,16,113.642156,1,6,11,54.543056,1,4,8,92.982764,2,5,10,0,0,1,0,1,1,1,1,1,1,1,1,65,505.43289,45,14.252496,A
18.631718,1,8,7,30.9841,1,10,10,61.761798,1,20,18,40.000988,2,17,10,35.867928,1,15,16,35.517905,1,14,14,1,1,0,1,0,0,1,1,0,1,0,1,75,222.764437,84,15.508236,A
575.031433,9,70,7,64.29117,1,12,12,109.866846,1,30,31,116.016147,2,16,10,41.943228,1,14,15,123.963937,2,28,14,1,0,0,1,0,0,1,1,0,1,0,1,89,1031.11276,170,30.807888,A
277.131594,4,35,9,94.447609,1,19,12,156.920261,2,17,16,92.124553,1,13,17,69.147239,1,3,12,51.714834,1,4,10,0,0,1,0,0,1,1,1,1,0,1,1,76,741.486089,91,21.101387,A
128.833012,1,21,9,36.561858,1,10,10,118.384443,1,16,16,67.924447,1,16,16,50.810036,1,12,12,41.67774,1,11,10,0,1,1,0,0,1,1,1,1,0,1,1,73,444.191536,86,17.448545,A
44.781429,1,7,7,51.947485,1,7,10,181.524626,1,19,21,63.09693,1,4,10,64.229258,1,6,10,54.430772,1,6,10,1,1,0,1,0,1,1,1,0,1,1,1,68,460.010501,49,14.537353,A
177.232272,5,22,7,115.907322,5,10,10,87.277653,1,4,19,79.647536,2,6,16,198.61653,10,45,10,50.616399,1,6,15,1,1,0,0,0,0,1,1,0,0,1,0,77,709.297713,93,21.072705,A
125.194004,3,4,9,72.313216,2,6,10,113.011247,2,11,17,35.648292,1,3,10,24.598884,1,2,8,33.76506,1,3,10,0,1,0,1,1,1,1,1,0,1,1,1,64,404.530703,29,12.139223,A
165.831207,3,30,7,98.083852,3,19,10,111.285902,1,19,25,61.020676,1,9,10,177.153928,1,13,21,46.435191,1,8,10,1,1,0,1,0,1,1,1,0,1,0,1,83,659.810756,98,21.857641,A
103.95558,9,36,7,22.575064,1,9,10,122.978834,3,42,29,99.470097,2,34,30,37.130432,1,7,24,48.851461,2,15,20,1,1,0,0,0,0,1,1,0,0,0,0,120,434.961469,143,28.341095,A
47.633476,1,1,10,87.117042,2,3,10,204.700907,2,18,16,98.633887,2,7,14,35.966807,1,14,12,36.68351,1,11,10,0,1,1,0,0,1,1,1,1,1,1,1,72,510.735629,54,15.970506,A
47.214845,1,8,7,68.480675,1,11,16,87.229915,1,8,16,129.411598,3,6,12,46.398183,1,2,8,76.313665,1,2,14,1,0,1,0,1,0,1,1,1,1,1,1,73,455.04888,37,14.550904,A
73.421295,1,34,30,42.052796,1,14,28,48.762753,1,44,63,33.531721,1,15,35,30.076279,1,16,18,25.647693,1,13,17,0,0,0,0,0,0,0,0,0,0,0,0,191,253.492538,136,37.474476,A
19.299688,1,3,9,37.649393,2,6,10,46.499251,1,11,16,101.34836,3,8,14,22.849632,1,3,8,33.782801,2,7,10,0,1,1,0,1,1,1,1,1,1,1,1,67,261.429126,38,11.787988,A
71.849632,1,12,15,31.920279,1,5,10,78.624893,1,12,20,73.015017,1,3,14,51.901189,2,7,8,32.519683,1,6,10,0,1,0,0,1,1,1,1,0,1,1,1,77,339.830692,45,14.56677,A
116.739865,1,5,11,46.198818,1,7,10,134.114336,1,25,31,136.418046,2,5,10,59.941499,1,4,14,211.292189,3,18,11,0,1,0,1,0,0,1,1,0,1,1,1,87,704.704752,64,20.844868,A
219.787517,8,54,13,83.042875,1,13,14,115.642922,1,15,22,88.693486,1,35,15,48.27666,1,2,10,264.040426,1,41,48,0,0,0,0,0,0,1,1,0,0,1,0,122,819.483886,160,33.411497,A
36.63537,1,1,12,44.633813,1,4,10,71.183514,1,7,17,47.756306,1,4,12,50.812041,1,4,8,40.709714,1,5,12,0,1,0,0,1,0,1,1,0,1,1,1,71,291.730759,25,11.921163,A
116.464362,4,13,10,46.512604,1,11,10,96.204791,2,25,17,62.556271,1,9,25,32.080187,1,4,14,65.307041,2,7,10,0,1,0,0,0,1,1,1,0,0,1,1,86,419.125257,69,18.236475,A
30.048813,1,3,7,57.947135,2,7,12,60.63045,1,9,16,72.863283,2,7,10,39.998102,2,4,8,32.58182,1,6,12,1,0,1,1,1,0,1,1,1,1,1,1,65,294.069603,36,11.661692,A
68.250063,1,7,13,48.530957,1,5,12,162.44206,2,8,16,56.538502,1,2,10,85.683781,2,4,12,86.651327,1,5,20,0,0,1,1,0,0,1,1,1,1,1,0,83,508.09669,31,16.288505,A
32.81444,1,3,7,39.480795,1,7,10,52.180283,1,11,16,79.712241,3,3,10,53.713491,3,5,8,44.897341,1,14,15,1,1,1,1,1,0,1,1,1,1,1,0,66,302.798592,43,12.334169,A
49.97957,1,5,10,72.594627,2,5,10,134.406864,2,12,36,36.514004,1,3,10,89.526701,3,8,10,82.17726,2,8,14,0,1,0,1,0,0,1,1,0,1,1,1,90,465.199027,41,17.602726,A
53.160698,1,2,8,73.395318,1,4,11,85.049959,3,24,16,60.673984,1,11,16,37.015846,1,6,14,26.79023,1,7,10,0,0,1,0,0,1,1,1,1,0,1,1,75,336.086035,54,14.763419,A
64.30131,1,4,7,251.056409,3,10,10,224.745993,1,19,26,59.952302,1,5,10,180.223456,5,13,8,105.741338,1,5,14,1,1,0,1,1,0,1,1,0,1,1,1,75,886.020808,56,20.192022,A
32.519816,1,3,7,57.514397,2,5,10,75.568439,1,8,16,54.644516,1,3,12,91.402663,2,6,8,148.266473,4,20,10,1,1,1,0,1,1,1,1,1,1,1,1,63,459.916304,45,13.494646,A
94.167049,2,3,9,73.500321,2,3,10,65.600235,1,12,16,47.450237,1,2,10,46.316716,1,5,14,68.050406,2,8,10,0,1,1,1,0,1,1,1,1,1,1,1,69,395.084965,33,13.089884,A
107.711818,3,15,7,127.561027,2,16,10,233.25643,3,50,17,77.113218,1,17,16,42.014732,2,7,8,40.898112,1,9,17,1,1,0,0,1,0,1,1,0,0,1,0,75,628.555338,114,21.261721,A
197.018911,2,23,7,115.60953,1,12,12,332.964708,2,32,19,518.753991,11,111,11,89.927014,2,10,8,79.495495,1,5,10,1,0,0,0,1,1,1,1,0,1,1,1,67,1333.769649,193,31.631869,A
89.569206,2,3,9,130.263199,3,9,10,249.850615,4,9,16,41.513574,1,2,10,129.560581,3,6,8,55.200892,1,2,11,0,1,1,1,1,0,1,1,1,1,1,1,64,695.958067,31,15.073613,A
101.78214,1,26,11,51.374551,1,5,10,162.611262,1,20,41,1317.984673,8,48,12,527.017865,3,20,12,53.842538,1,8,12,0,1,0,0,0,0,1,1,0,1,1,1,98,2214.613029,127,41.026224,A
143.510233,6,46,7,26.73046,1,10,10,167.34754,5,55,16,66.50848,2,9,10,20.44864,1,4,8,34.21426,1,8,14,1,1,1,1,1,0,1,1,1,1,1,1,65,458.759613,132,19.132957,A
125.781287,1,16,9,109.596626,1,26,16,143.731094,1,34,28,152.306346,2,34,12,81.523008,1,21,18,141.26666,1,16,21,0,0,0,0,0,0,1,1,0,1,0,0,104,754.20502,147,29.116963,A
148.66387,1,7,11,60.587831,1,5,10,296.702338,4,17,19,118.047709,3,10,10,25.935561,1,2,8,48.068529,1,4,13,0,1,0,1,1,0,1,1,0,1,1,1,71,698.005838,45,17.066585,A
50.299534,2,1,7,26.358144,1,4,10,152.109533,3,21,19,60.704626,2,3,10,49.09935,2,4,8,58.616223,3,3,11,1,1,0,1,1,0,1,1,0,1,1,1,65,397.18741,36,12.656626,A
37.067024,1,9,7,42.484005,1,9,10,97.63468,2,16,19,60.017515,1,7,15,32.017014,1,5,10,46.117367,1,7,14,1,1,0,0,0,0,1,1,0,0,1,1,75,315.337605,53,14.501954,A
63.377448,1,2,9,53.671886,1,3,10,196.541232,2,13,19,56.019243,1,2,10,66.590592,2,3,8,56.452126,1,3,10,0,1,0,1,1,1,1,1,0,1,1,1,66,492.652527,26,13.12433,A
38.947552,1,18,9,125.381335,7,27,12,68.577327,1,15,16,49.036681,1,17,16,24.127907,1,6,8,72.04982,2,18,20,0,0,1,0,1,0,1,1,1,0,1,0,81,378.120622,101,19.004887,A
154.209396,5,6,7,124.160819,4,13,10,210.507127,4,32,17,68.396581,1,5,16,124.177484,4,11,8,35.998336,1,4,10,1,1,0,0,1,1,1,1,0,0,1,1,68,717.449744,71,18.369276,A
88.601535,2,7,7,58.125548,1,5,10,123.894609,1,7,16,62.429267,1,3,10,50.14653,1,4,8,108.586495,1,6,14,1,1,1,1,1,0,1,1,1,1,1,1,65,491.783983,32,13.324249,A
22.032087,1,2,7,93.195388,2,4,12,202.390307,1,12,36,137.527193,2,14,14,60.596853,1,8,14,69.679786,1,8,18,1,0,0,0,0,0,1,1,0,1,1,0,101,585.421615,48,20.94436,A
18.561152,1,7,7,24.853021,1,5,10,112.847738,2,12,17,75.091695,1,9,24,56.081538,2,8,12,59.161101,3,8,10,1,1,0,0,0,1,1,1,0,0,1,1,80,346.596246,49,15.355164,A
81.262376,1,8,10,61.895615,1,11,10,92.011481,1,25,24,43.230759,1,10,10,114.976056,3,19,8,104.125814,2,8,12,0,1,0,1,1,0,1,1,0,1,1,1,74,497.5021,81,17.815887,A
107.142192,1,12,17,112.698355,1,20,25,83.498306,1,19,17,84.6359,2,20,10,44.443604,1,4,12,58.231266,1,3,14,0,0,0,1,0,0,1,0,0,1,1,1,95,490.649623,78,20.912108,A
93.583262,3,6,7,42.049929,1,5,10,135.566581,2,8,17,108.949917,5,10,10,45.266466,2,7,12,31.766594,1,3,10,1,1,0,1,0,1,1,1,0,1,1,1,66,457.182749,39,13.578653,A
44.574676,1,1,7,40.340479,1,6,10,85.848713,1,12,19,61.877646,1,8,16,48.642116,2,5,8,28.288452,1,5,10,1,1,0,0,1,1,1,1,0,0,1,1,70,309.572083,37,12.669246,A
35.488702,1,1,7,241.279112,4,18,10,112.276296,1,4,16,50.47416,1,3,10,45.057713,1,3,8,61.408144,1,4,12,1,1,1,1,1,0,1,1,1,1,1,1,63,545.984127,33,13.589792,A
65.244852,1,3,14,48.544386,1,13,15,86.668245,2,21,16,79.480142,3,16,12,46.898234,1,4,8,26.070846,1,5,10,0,0,1,0,1,1,1,1,1,1,1,1,75,352.906706,62,15.415901,A
27.410652,1,1,7,195.69525,7,24,12,101.551358,1,2,16,89.038869,2,6,14,38.521803,1,2,8,60.660536,2,5,10,1,0,1,0,1,1,1,1,1,1,1,1,67,512.878468,40,14.336649,A
188.141963,3,10,7,72.083404,1,5,14,122.30652,1,5,17,86.230951,2,3,10,65.635534,1,3,10,58.220471,1,3,14,1,0,0,1,0,0,1,1,0,1,1,1,72,592.618844,29,15.228722,A
27.443675,1,3,7,49.801456,1,4,17,87.082304,2,6,17,85.74871,2,9,12,38.531163,1,2,8,80.229681,1,8,15,1,0,0,0,1,0,1,0,0,1,1,0,76,368.83699,32,13.890742,A
302.106511,0,8,7,79.172878,1,10,10,230.237828,1,38,39,76.157243,1,17,17,61.312327,1,12,12,50.732617,1,10,10,1,1,0,0,0,1,1,1,0,0,1,1,95,799.719404,95,24.935823,A
252.152003,2,36,16,95.023443,1,10,14,364.934264,6,33,17,49.4609,1,7,10,45.945786,1,6,12,52.543057,1,6,14,0,0,0,1,0,0,1,1,0,1,1,1,83,860.059454,98,23.789745,A
56.616531,2,2,7,137.502434,7,18,10,91.384031,3,28,16,49.374345,2,17,10,28.935229,1,12,13,25.472511,1,12,12,1,1,1,1,0,0,1,1,1,1,1,1,68,389.28508,89,16.305895,A
35.015277,1,2,7,86.254778,2,10,10,250.294849,5,35,16,111.049542,2,21,20,46.687216,1,3,10,44.486385,1,8,14,1,1,1,0,0,0,1,1,1,0,1,1,77,573.788046,79,18.907409,A
73.79066,2,7,11,47.4819,2,3,10,63.54256,1,16,18,88.782853,2,16,10,57.589033,3,20,8,23.72456,1,14,14,0,1,0,1,1,0,1,1,0,1,1,1,71,354.911567,76,15.655709,A
62.905234,1,8,10,40.598364,1,3,12,117.896958,2,12,16,163.726782,2,9,16,55.642001,1,5,18,57.757252,1,6,21,0,0,1,0,0,0,1,1,1,0,0,0,93,498.526592,43,18.524857,A
105.833988,2,11,9,76.417217,1,6,10,347.968907,1,14,47,65.550438,1,5,12,187.784258,2,8,16,55.333741,1,4,10,0,1,0,0,0,1,1,1,0,1,0,1,104,838.888549,48,23.867963,A
33.745973,1,1,8,80.659264,2,7,13,133.257258,3,17,17,50.929785,1,5,12,36.448611,1,3,10,32.920309,1,5,12,0,0,0,0,0,0,1,1,0,1,1,1,72,367.9612,38,13.612569,A
43.084073,1,4,7,64.217913,1,11,12,51.768093,1,5,16,175.287093,3,31,14,37.567293,1,8,14,33.300813,1,7,10,1,0,1,0,0,1,1,1,1,1,1,1,73,405.22528,66,15.84711,A
100.618197,3,9,7,41.209548,1,3,10,207.862966,8,4,16,49.401546,1,2,10,46.554365,1,3,10,48.302791,1,2,10,1,1,1,1,0,1,1,1,1,1,1,1,63,493.949413,23,12.475,A
52.864195,1,2,7,84.91274,2,4,10,145.143283,2,8,16,194.57427,3,5,14,241.722157,4,5,8,102.594968,1,3,20,1,1,1,0,1,0,1,1,1,1,1,0,75,821.811613,27,17.795569,A
23.301103,1,2,7,71.872691,2,4,10,103.836676,2,8,16,57.418026,2,3,10,55.148127,2,4,8,42.596179,1,7,10,1,1,1,1,1,1,1,1,1,1,1,1,61,354.172803,28,11.114048,A
38.59354,1,2,7,44.82104,1,5,10,59.810225,1,7,17,87.121587,1,6,25,52.555673,1,4,14,81.387212,2,5,12,1,1,0,0,0,0,1,1,0,0,1,1,85,364.289277,29,15.097111,A
169.004362,1,17,25,58.649912,1,3,12,269.01693,3,17,21,155.599848,2,10,23,118.285187,3,10,22,70.283374,2,9,15,0,0,0,0,0,0,0,1,0,0,0,0,118,840.839613,66,27.220482,A
75.298168,1,18,13,39.640816,1,10,10,72.36575,1,40,36,42.806328,1,15,18,84.262336,1,13,22,65.834117,1,9,24,0,1,0,0,0,0,1,1,0,0,0,0,123,380.207515,105,25.962432,A
80.97409,1,9,7,74.897716,2,16,10,333.768366,4,49,19,79.701608,1,10,11,83.92223,2,9,8,133.46849,3,17,10,1,1,0,0,1,1,1,1,0,1,1,1,65,786.732501,110,20.949394,A
63.999687,3,4,7,120.288073,2,12,10,70.87292,1,14,16,62.6099,1,2,10,52.81444,1,2,8,83.403487,2,4,10,1,1,1,1,1,1,1,1,1,1,1,1,61,453.988507,38,12.689856,A
45.983764,1,1,7,93.051437,2,6,10,294.742709,4,5,21,35.329751,1,1,10,42.932583,1,1,12,124.512832,2,4,12,1,1,0,1,0,0,1,1,0,1,1,1,72,636.553076,18,14.978615,A
26.957887,1,1,7,98.45005,2,3,10,328.621837,3,16,23,196.683422,3,18,21,32.571986,1,2,8,35.521196,1,3,10,1,1,0,0,1,1,1,1,0,0,1,1,79,718.806379,43,18.419459,A
16.608385,1,5,7,21.587532,1,5,10,61.537844,1,9,16,53.835163,1,6,14,30.593563,1,2,12,34.586799,1,7,12,1,1,1,0,0,0,1,1,1,1,1,1,71,218.749286,34,11.768461,A
55.36443,1,5,9,86.703779,1,12,12,104.881019,1,10,24,76.444114,1,7,14,47.866997,1,6,12,57.413851,1,5,19,0,0,0,0,0,0,1,1,0,1,1,0,90,428.67419,45,17.495409,A
31.234287,1,2,7,187.534853,6,11,12,161.20586,2,15,32,87.81962,1,11,19,38.087427,1,6,12,67.198167,3,9,10,1,0,0,0,0,1,1,1,0,0,1,1,92,573.080213,54,19.758856,A
89.449544,1,9,14,101.002655,1,10,23,65.189355,1,9,37,34.962417,1,5,14,270.299182,5,42,42,58.504876,1,13,24,0,0,0,0,0,0,1,0,0,1,0,0,154,619.408029,88,32.168282,A
59.163395,1,6,7,46.214369,1,3,10,142.909718,1,9,21,52.764181,1,2,10,38.114865,1,2,8,43.5145,1,2,10,1,1,0,1,1,1,1,1,0,1,1,1,66,382.681028,24,11.940721,A
478.931667,6,72,7,32.379477,1,6,10,66.153434,1,15,16,34.039426,1,7,10,25.925686,1,10,12,43.297626,1,10,14,1,1,1,1,0,0,1,1,1,1,1,1,69,680.727316,120,21.176699,A
28.579934,1,2,7,46.644485,1,4,10,237.955389,2,37,18,168.580034,2,15,15,135.533846,2,13,18,45.327952,1,6,10,1,1,0,0,0,1,1,1,0,0,0,1,78,662.621641,77,19.801316,A
73.377685,1,6,7,40.081941,1,10,10,65.775032,1,16,16,36.914119,1,9,10,53.853929,2,12,8,33.312628,1,7,10,1,1,1,1,1,1,1,1,1,1,1,1,61,303.315334,60,12.584099,A
113.711592,1,21,14,72.680141,1,14,14,310.503671,5,71,16,151.960414,2,11,14,93.062913,1,10,14,37.798463,1,4,10,0,0,1,0,0,1,1,1,1,1,1,1,82,779.717195,131,24.877243,A
89.73619,4,7,7,126.220705,3,24,10,224.623946,3,23,16,122.02067,5,14,17,48.268271,1,3,12,127.904152,4,11,14,1,1,1,0,0,0,1,1,1,0,1,1,76,738.773934,82,20.523758,A
126.691874,3,12,7,70.743931,3,16,10,242.515866,4,56,16,121.829256,4,28,11,40.0343,1,5,8,92.979642,2,13,14,1,1,1,0,1,0,1,1,1,1,1,1,66,694.79487,130,21.447141,A
38.585319,1,4,7,71.322821,2,6,10,169.768669,3,17,16,41.484166,1,6,10,53.746184,3,9,8,51.130519,2,10,10,1,1,1,1,1,1,1,1,1,1,1,1,61,426.037678,52,13.278,A
65.350279,1,13,9,38.490317,1,3,10,68.749303,1,6,16,38.206934,1,3,10,136.665873,5,11,8,79.39707,2,7,10,0,1,1,1,1,1,1,1,1,1,1,1,63,426.859777,43,13.053153,A
41.846297,1,1,7,100.817384,2,11,12,200.641763,1,17,54,55.853013,1,5,17,81.512259,3,8,9,27.846652,1,4,10,1,0,0,0,0,1,1,1,0,0,1,1,109,508.517368,46,21.354528,A
57.719423,1,10,9,56.285981,1,10,10,271.984476,3,49,24,97.711173,1,18,16,54.51958,1,11,12,46.937976,1,10,10,0,1,0,0,0,1,1,1,0,0,1,1,81,585.158609,108,21.431411,A
67.422691,1,2,11,156.369015,2,24,13,134.826086,2,16,21,53.355154,1,9,11,40.074909,1,3,13,52.401785,1,4,10,0,0,0,0,0,1,1,1,0,1,1,1,79,504.44964,58,17.270336,A
53.647847,1,2,8,83.746553,2,4,10,225.604293,3,4,16,185.30838,4,18,16,92.079487,1,4,22,48.540413,1,2,10,0,1,1,0,0,1,1,1,1,0,0,1,82,688.926973,34,18.057729,A
45.329011,1,8,7,50.576182,1,10,10,107.066782,1,17,16,40.524312,1,6,10,31.523526,1,5,8,102.795762,3,10,10,1,1,1,1,1,1,1,1,1,1,1,1,61,377.815576,56,13.057822,A
64.523438,2,2,7,112.206779,2,5,12,168.210146,2,5,19,100.102491,2,7,13,144.201664,4,15,10,61.621742,2,9,11,1,0,0,0,0,0,1,1,0,1,1,1,72,650.866259,43,16.648552,A
20.342527,1,3,7,67.516013,1,10,15,73.79376,1,11,16,49.7522,2,6,10,69.44498,3,10,8,35.793373,1,6,10,1,0,1,1,1,1,1,1,1,1,1,1,66,316.642853,46,12.651566,A
137.910828,5,10,7,57.356431,1,5,10,151.974904,1,11,17,124.57964,2,15,16,89.018722,2,9,13,108.225278,1,7,10,1,1,0,0,0,1,1,1,0,0,1,1,73,669.065803,57,17.841319,A
23.260295,1,3,7,25.309924,1,4,10,65.632866,1,14,20,45.538066,2,10,10,24.660178,1,4,8,36.690559,1,8,12,1,1,0,1,1,0,1,1,0,1,1,1,67,221.091889,43,11.705161,A
303.666716,3,20,15,310.682349,3,67,29,754.726172,6,208,45,31.228207,1,10,10,53.107904,1,9,10,24.895931,1,8,10,0,0,0,1,0,1,1,0,0,1,1,1,119,1478.307279,322,49.216442,A
53.166853,2,4,7,23.650151,1,4,10,66.066925,1,7,16,37.883873,1,2,10,33.400077,1,3,8,49.316941,1,6,16,1,1,1,1,1,0,1,1,1,1,1,0,67,263.484821,26,11.072541,A
55.622475,1,7,7,66.03733,1,4,10,150.238202,1,5,16,71.219818,1,3,10,131.6914,2,5,9,78.201635,1,3,15,1,1,1,1,0,0,1,1,1,1,1,0,67,553.01086,27,13.927312,A
55.161599,2,2,7,100.445534,3,16,10,199.939637,3,31,26,18.537399,1,7,11,23.910035,1,12,12,44.666476,1,10,13,1,1,0,0,0,0,1,1,0,1,1,1,79,442.660681,78,17.899632,A
200.928585,4,57,7,25.589461,1,11,10,144.100064,4,41,16,32.316584,1,7,10,78.636847,3,9,8,29.593626,1,10,10,1,1,1,1,1,1,1,1,1,1,1,1,61,511.165167,135,19.185049,A
86.546767,1,5,8,118.568193,3,15,10,231.232583,2,13,16,41.481367,1,4,10,48.23644,1,3,8,83.62842,2,7,10,0,1,1,1,1,1,1,1,1,1,1,1,62,609.69377,47,14.902983,A
235.695726,11,17,7,817.650139,24,56,12,403.422115,9,54,16,190.454699,6,26,14,58.761676,1,11,12,37.364933,1,9,10,1,0,1,0,0,1,1,1,1,1,1,1,71,1743.349288,173,34.995601,A
116.102755,1,9,9,156.187434,1,10,24,269.421985,2,13,19,68.8646,1,2,10,95.92676,1,4,12,126.740691,1,6,21,0,0,0,1,0,0,1,0,0,1,1,0,95,833.244225,44,22.134342,A
326.855854,7,11,7,110.112507,2,3,10,174.574057,1,2,16,59.74622,1,2,10,133.221196,3,5,8,184.371336,3,6,14,1,1,1,1,1,0,1,1,1,1,1,1,65,988.88117,29,17.936681,A
67.982107,2,8,11,40.459163,1,6,11,432.370341,8,38,16,44.521493,1,2,10,71.978597,3,9,8,71.081415,1,5,15,0,0,1,1,1,0,1,1,1,1,1,0,71,728.393117,68,18.769066,A
29.621648,1,1,8,112.212359,2,9,12,86.282854,1,8,19,197.800765,2,15,20,151.257659,3,19,21,70.454952,1,7,12,0,0,0,0,0,0,1,1,0,0,0,1,92,647.630237,59,20.784521,A
76.958403,3,7,9,79.362806,3,11,10,114.846331,1,22,28,69.127355,2,17,10,32.760241,1,14,15,68.509483,3,28,10,0,1,0,1,0,1,1,1,0,1,0,1,82,441.56462,99,19.653822,A
197.75836,2,37,7,39.860854,1,5,10,77.568693,1,6,16,43.455814,1,2,10,79.488882,2,3,8,73.807249,1,1,10,1,1,1,1,1,1,1,1,1,1,1,1,61,511.939852,54,14.229376,A
49.947655,1,1,7,169.358192,3,4,10,114.161056,1,2,16,63.380404,1,1,10,55.780647,1,1,12,67.113609,1,2,14,1,1,1,1,0,0,1,1,1,1,1,1,69,519.741563,11,12.94462,A
31.18092,1,2,7,47.530738,1,3,16,125.892224,2,4,29,46.279584,1,4,15,73.923762,2,6,12,41.207738,1,3,18,1,0,0,0,0,0,1,1,0,0,1,0,97,366.014967,22,16.596938,A
229.016714,1,20,16,84.413281,1,9,10,292.248685,2,26,20,123.538794,1,9,16,99.46022,1,7,14,234.228845,1,6,10,0,1,0,0,0,1,1,1,0,0,1,1,86,1062.906539,77,24.938199,A
57.296296,1,10,12,47.896859,1,7,10,101.343893,1,28,27,106.410178,1,7,17,108.110059,2,4,12,151.840697,3,10,13,0,1,0,0,0,0,1,1,0,0,1,1,91,572.897982,66,20.333039,A
58.075893,1,2,8,91.592914,2,14,12,226.04358,4,34,19,52.531484,2,15,12,56.76065,3,14,8,41.592289,1,2,10,0,0,0,0,1,1,1,1,0,1,1,1,69,526.596811,81,17.299903,A
34.0195,1,7,7,33.404067,1,10,10,170.784527,3,36,20,69.816633,2,8,14,100.64088,4,6,8,58.205453,1,4,13,1,1,0,0,1,0,1,1,0,1,1,1,72,466.87106,71,16.588926,A
114.328252,13,16,7,79.662704,1,17,15,150.226105,1,17,22,45.297895,1,17,18,56.513579,2,5,8,60.779317,2,15,19,1,0,0,0,1,0,1,1,0,0,1,0,89,506.807852,87,20.663427,A
121.007701,2,8,9,39.426898,1,4,10,155.524087,2,14,16,44.726061,1,4,10,63.875921,1,3,8,58.807066,1,4,10,0,1,1,1,1,1,1,1,1,1,1,1,63,483.367734,37,13.23073,A
25.761082,1,8,7,36.806216,1,14,14,170.133083,4,41,17,26.261463,1,8,10,48.58548,2,15,14,48.135171,1,12,13,1,0,0,1,0,0,1,1,0,1,1,1,75,355.682496,98,17.648527,A
23.905398,1,1,7,73.812541,2,3,10,82.479707,1,6,16,54.465238,1,2,10,47.062351,1,3,8,42.271292,1,4,10,1,1,1,1,1,1,1,1,1,1,1,1,61,323.996528,19,10.271431,A
469.275075,3,57,17,620.907184,7,124,22,262.061457,2,32,25,115.860821,1,14,10,168.909438,3,48,20,90.10292,1,8,17,0,0,0,1,0,0,1,0,0,1,0,0,111,1727.116895,283,47.952695,A
171.194972,1,6,7,118.988016,1,7,16,391.483474,2,25,28,122.348492,1,12,20,68.455403,1,9,13,50.812164,1,5,10,1,0,0,0,0,1,1,1,0,0,1,1,94,923.282522,64,24.069206,A
123.035839,1,6,9,133.764922,3,10,10,463.622319,9,34,17,56.530525,1,4,11,39.341874,1,3,13,85.045072,9,3,10,0,1,0,0,0,1,1,1,0,1,1,1,70,901.34055,60,19.788224,A
101.146281,4,34,9,58.506927,1,7,12,101.303444,1,8,16,82.953014,2,3,10,79.786909,1,1,12,121.230121,3,5,10,0,0,1,1,0,1,1,1,1,1,1,1,69,544.926696,58,16.067471,A
40.941792,1,4,7,30.928618,1,7,10,411.820157,10,98,25,25.395047,1,4,10,35.459413,1,6,13,45.340584,2,9,11,1,1,0,1,0,0,1,1,0,1,1,1,76,589.885611,128,21.905784,A
49.758047,1,2,7,48.48978,1,2,10,118.465507,1,5,17,134.534113,2,7,14,75.95284,2,5,12,101.849113,2,7,13,1,1,0,0,0,0,1,1,0,1,1,1,73,529.0494,28,14.713439,A
34.394373,1,1,7,94.667751,2,8,12,80.770136,1,7,16,51.291549,2,6,10,70.58867,3,5,8,78.687108,2,7,14,1,0,1,1,1,0,1,1,1,1,1,1,67,410.399588,34,12.980239,A
81.52503,1,9,8,93.928366,1,14,16,113.48437,1,6,17,49.248216,1,3,10,76.506479,2,8,8,53.499526,1,6,13,0,0,0,1,1,0,1,1,0,1,1,1,72,468.191986,46,15.069836,A
213.968048,5,38,9,47.113258,1,7,12,332.991327,9,66,16,38.03046,1,6,11,35.18078,1,4,8,74.211299,2,13,18,0,0,1,0,1,0,1,1,1,1,1,0,74,741.495172,134,23.417551,A
37.845888,1,2,7,19.868003,1,3,10,186.236748,6,32,16,117.451977,2,7,12,70.190308,3,5,8,35.588479,1,4,10,1,1,1,0,1,1,1,1,1,1,1,1,63,467.181404,53,14.054931,A
35.958733,1,4,7,65.258488,2,4,10,193.577941,4,9,16,69.954822,2,3,10,58.932393,1,3,12,50.125822,1,3,10,1,1,1,1,0,1,1,1,1,1,1,1,65,473.8082,26,12.783169,A
147.201346,3,54,7,35.011957,1,11,12,51.680408,1,19,18,75.753433,2,26,16,46.554019,1,15,24,71.078738,1,21,30,1,0,0,0,0,0,1,1,0,0,0,0,107,427.279901,146,26.379368,A
71.400091,3,5,7,231.750618,4,19,10,78.166768,1,13,17,141.816896,2,10,14,54.133588,1,2,12,194.936329,4,31,10,1,1,0,0,0,1,1,1,0,1,1,1,70,772.20429,80,19.767719,A
32.69736,1,3,9,36.143013,1,5,10,64.48756,1,9,16,57.52648,1,4,12,47.107587,2,5,8,38.525833,1,7,14,0,1,1,0,1,0,1,1,1,1,1,1,69,276.487833,33,11.945597,A
121.58549,1,2,10,65.065726,1,5,10,106.315149,1,8,16,57.099068,1,6,11,63.982431,1,7,10,114.10343,1,9,18,0,1,1,0,0,0,1,1,1,1,1,0,75,528.151294,37,15.574916,A
93.806156,1,1,9,101.27271,2,4,10,101.704516,1,5,16,65.427795,1,5,12,80.996886,2,6,8,51.776232,1,1,10,0,1,1,0,1,1,1,1,1,1,1,1,65,494.984295,22,12.742393,A
36.821719,1,2,7,122.510434,3,7,10,144.333626,4,46,27,52.349317,1,14,17,34.638506,1,16,12,25.225128,1,13,10,1,1,0,0,0,1,1,1,0,0,1,1,83,415.87873,98,19.504058,A
63.144632,1,9,9,53.214912,1,2,10,134.270144,1,2,24,137.323649,2,16,10,88.551431,1,3,8,67.093418,1,1,10,0,1,0,1,1,1,1,1,0,1,1,1,71,543.598186,33,14.841498,A
43.772534,2,3,7,57.041739,2,13,10,166.651291,4,53,24,53.685044,1,15,15,23.365749,1,5,8,22.496672,1,5,10,1,1,0,0,1,1,1,1,0,0,1,1,74,367.013029,94,17.353415,A
97.1709,2,5,12,93.27364,2,9,14,108.99154,1,18,25,38.273033,1,3,10,62.548947,1,7,15,47.40264,2,4,10,0,0,0,1,0,1,1,1,0,1,0,1,86,447.6607,46,17.102511,A
37.994977,1,1,7,213.988818,6,10,10,336.756444,4,23,17,65.658202,2,6,11,89.138442,3,7,10,107.686045,4,12,11,1,1,0,0,0,0,1,1,0,1,1,1,66,851.222928,59,18.606027,A
45.174956,1,7,7,63.608788,1,10,10,166.119367,1,37,42,96.468768,1,12,17,52.643115,1,7,12,304.91585,4,55,18,1,1,0,0,0,0,1,1,0,0,1,0,106,728.930843,128,28.027591,A
23.727274,1,3,7,31.101185,1,3,10,171.561125,3,15,24,59.677018,1,6,16,54.758124,2,4,12,37.450286,1,5,12,1,1,0,0,0,0,1,1,0,0,1,1,81,378.275013,36,15.023603,A
83.936001,7,36,7,83.519478,1,16,16,236.743228,4,53,16,56.421034,1,10,12,47.438405,2,12,8,44.931081,1,10,14,1,0,1,0,1,0,1,1,1,1,1,1,73,552.989227,137,21.623227,A
133.076896,2,19,13,58.526033,2,16,12,55.875476,1,20,25,143.014911,4,33,18,30.980668,1,12,12,61.827972,2,24,22,0,0,0,0,0,0,1,1,0,0,1,0,102,483.301956,124,24.775178,A
52.864334,1,5,7,65.284633,1,8,10,171.378565,1,14,17,81.452081,1,7,10,57.575858,1,9,12,64.419154,1,6,10,1,1,0,1,0,1,1,1,0,1,1,1,66,492.974626,49,14.536726,A
194.306977,3,28,17,60.346999,1,4,10,203.956516,2,15,19,156.075746,2,7,14,124.093864,1,6,14,105.844744,3,8,11,0,1,0,0,0,0,1,1,0,1,1,1,85,844.624846,68,22.121302,A
27.12722,1,6,7,73.935832,1,22,10,68.677384,1,15,16,56.541173,1,3,10,47.960569,2,5,8,36.041423,1,5,10,1,1,1,1,1,1,1,1,1,1,1,1,61,310.283602,56,12.406238,A
53.997281,2,10,7,25.881306,1,6,10,75.948188,1,9,17,36.330428,1,5,10,36.864808,1,2,12,108.260937,2,9,10,1,1,0,1,0,1,1,1,0,1,1,1,66,337.282947,41,12.544345,A
84.821674,1,3,11,93.45752,1,27,12,84.523489,1,20,31,19.521906,1,4,10,49.896604,2,7,15,75.769037,3,11,12,0,0,0,1,0,0,1,1,0,1,0,1,91,407.99023,72,19.109564,A
141.83652,3,23,7,59.813007,2,6,10,77.6458,1,8,19,32.63126,1,2,10,46.430393,1,4,10,68.06166,1,7,16,1,1,0,1,0,0,1,1,0,1,1,0,72,426.41864,50,14.911878,A
45.5,1,5,7,92.78158,2,5,10,212.237153,2,10,16,124.16398,2,8,14,99.32442,3,5,9,159.765433,2,3,10,1,1,1,0,0,1,1,1,1,1,1,1,66,733.772567,36,16.063515,A
159.068167,5,12,7,141.07189,5,14,10,186.353666,1,4,26,59.631663,1,7,10,136.876455,4,17,8,184.771876,3,12,20,1,1,0,1,1,0,1,1,0,1,1,0,81,867.773717,66,21.584744,A
50.815253,1,1,7,106.072427,2,4,10,260.579053,1,20,48,49.70014,1,3,10,42.05682,1,2,12,42.651953,1,4,10,1,1,0,1,0,1,1,1,0,1,1,1,97,551.875647,34,19.125499,A
307.534835,10,10,8,121.706806,3,12,10,138.412316,3,35,17,26.875545,1,9,10,38.462661,2,11,8,41.33033,1,10,14,0,1,0,1,1,0,1,1,0,1,1,1,67,674.322493,87,18.774196,A
61.58943,1,11,9,45.664233,1,3,10,78.160606,1,9,24,179.742227,4,18,14,42.97372,1,3,12,48.098606,1,2,12,0,1,0,0,0,0,1,1,0,1,1,1,81,456.228823,46,16.388477,A
121.591551,3,2,9,83.050227,2,4,10,105.11555,1,3,16,39.387802,1,1,10,93.966898,3,5,8,53.475393,1,3,12,0,1,1,1,1,0,1,1,1,1,1,1,65,496.587421,18,12.512767,A
59.046768,1,2,9,129.737113,3,9,10,95.171551,1,3,18,51.631548,1,3,10,103.392169,1,4,18,101.756673,2,4,10,0,1,0,1,0,1,1,1,0,1,0,1,75,540.735824,25,14.961057,A
128.478,3,13,7,44.096,1,9,10,181.224333,4,29,17,32.497,1,2,10,137.444,6,13,8,35.494333,1,8,10,1,1,0,1,1,1,1,1,0,1,1,1,62,559.233667,74,16.070501,A
38.067406,1,3,9,39.649938,1,5,10,129.462699,2,14,18,32.453068,1,2,10,60.0748,2,7,10,46.713688,1,5,14,0,1,0,1,0,0,1,1,0,1,1,1,71,346.421599,36,13.122856,A
30.902693,1,2,7,101.217067,3,8,12,90.480913,1,3,16,83.74656,1,2,14,102.140507,2,4,8,72.363807,1,4,12,1,0,1,0,1,0,1,1,1,1,1,1,69,480.851547,23,13.30467,A
102.929959,4,33,10,146.994297,4,124,10,128.811686,4,48,16,32.315455,1,9,10,26.38231,1,6,8,30.782106,1,9,10,0,1,1,1,1,1,1,1,1,1,1,1,64,468.215813,229,25.008377,A
45.492085,1,6,7,109.250674,2,27,10,78.555746,1,15,16,78.505727,2,21,17,31.81265,1,4,8,23.605061,1,3,10,1,1,1,0,1,1,1,1,1,0,1,1,68,367.221944,76,15.296464,A
67.822283,3,4,7,47.861,1,7,12,88.939388,2,5,16,33.480062,1,2,10,26.713394,1,3,8,67.924861,2,4,14,1,0,1,1,1,0,1,1,1,1,1,1,67,332.740988,25,11.679487,A
22.301747,1,2,9,23.46848,1,3,10,52.404083,2,9,16,23.301816,1,2,10,26.218693,1,5,8,30.302351,2,7,10,0,1,1,1,1,1,1,1,1,1,1,1,63,177.99717,28,9.732896,A
735.22785,3,194,44,82.219696,1,21,25,104.697793,1,18,22,45.592144,1,7,12,40.223542,1,5,8,50.408853,1,9,14,0,0,0,0,1,0,0,0,0,1,1,1,125,1058.369878,254,41.954119,A
215.56075,11,35,8,49.549121,1,2,10,199.365506,1,8,22,140.041638,2,8,16,164.057281,2,8,12,108.857049,2,4,10,0,1,0,0,0,1,1,1,0,0,1,1,78,877.431345,65,21.13863,A
27.155248,1,3,7,112.265106,3,17,10,150.581329,1,7,23,89.865502,1,2,12,117.431759,1,3,21,75.165521,1,10,12,1,1,0,0,0,0,1,1,0,1,0,1,85,572.464465,42,17.902248,A
51.397737,1,7,7,52.747331,1,10,10,150.993065,2,23,18,113.931787,1,15,21,46.41435,1,5,12,41.747693,1,5,10,1,1,0,0,0,1,1,1,0,0,1,1,78,457.231964,65,17.084328,A
254.154253,3,47,22,52.49542,1,13,10,157.742333,2,22,20,70.90864,2,5,10,38.43494,1,2,8,79.66582,1,4,21,0,1,0,1,1,0,0,1,0,1,1,0,91,653.401407,93,22.76416,A
39.687253,1,7,7,39.29752,1,9,10,96.464867,1,14,16,44.31054,1,8,10,34.63564,1,4,8,47.394433,1,5,10,1,1,1,1,1,1,1,1,1,1,1,1,61,301.790253,47,11.772829,A
38.840891,1,1,7,184.897017,3,5,11,195.531939,3,5,16,66.910622,1,3,11,26.48807,1,2,8,39.173185,1,2,10,1,0,1,0,1,1,1,1,1,1,1,1,63,551.841724,18,12.727208,A
182.674963,5,29,7,69.280245,1,14,12,80.412976,1,12,16,50.731057,1,5,10,48.18113,1,5,8,44.148156,1,4,10,1,0,1,1,1,1,1,1,1,1,1,1,63,475.428527,69,15.114879,A
59.950777,2,8,9,60.751642,2,11,10,285.505739,3,42,29,134.439223,1,5,19,47.098821,1,4,16,35.44893,1,3,10,0,1,0,0,0,1,1,1,0,0,0,1,93,623.195132,73,21.565927,A
59.726333,2,9,7,57.152333,1,12,12,107.396667,1,49,64,52.779333,1,11,20,30.345333,1,9,16,102.202667,4,34,29,1,0,0,0,0,0,1,1,0,0,0,0,148,409.602667,124,31.393769,A
108.47616,3,5,13,55.833465,2,8,10,64.738182,1,9,16,41.19859,1,2,10,57.754676,2,6,12,83.549567,1,6,19,0,1,1,1,0,0,1,1,1,1,1,0,80,411.55064,36,15.185323,A
95.18379,1,1,7,383.572221,10,14,10,174.984942,1,4,20,92.397406,1,2,10,99.138469,1,2,16,167.594398,3,5,10,1,1,0,1,0,1,1,1,0,1,0,1,73,1012.871226,28,19.381603,A
37.309932,1,11,7,23.604568,1,10,10,72.583339,1,16,17,21.000433,1,12,11,20.633131,1,8,8,40.097756,1,15,18,1,1,0,0,1,0,1,1,0,1,1,0,71,215.22916,72,14.062887,A
60.57926,1,5,7,132.289184,3,23,10,105.147487,1,6,19,74.508127,1,4,10,74.257849,1,1,12,103.914404,19,5,12,1,1,0,1,0,0,1,1,0,1,1,1,70,550.696311,44,15.424652,A
63.46894,1,7,9,43.49666,1,11,10,110.573693,2,19,16,79.841307,1,17,20,37.809753,1,4,8,47.693567,1,5,12,0,1,1,0,1,0,1,1,1,0,1,1,75,382.88392,63,15.76641,A
44.350636,1,2,10,61.461463,2,14,10,82.454241,1,12,16,23.591711,1,2,10,20.542774,1,4,8,51.231219,1,8,14,0,1,1,1,1,0,1,1,1,1,1,1,68,283.632044,42,12.406648,A
44.399974,1,3,7,64.385536,1,3,10,247.958599,2,14,16,86.219693,1,3,10,50.46848,1,3,8,128.987856,1,2,10,1,1,1,1,1,1,1,1,1,1,1,1,61,622.420138,28,13.702238,A
27.850673,1,1,9,101.335793,2,5,12,72.619127,1,6,17,74.669367,2,6,10,40.017633,1,3,12,46.2178,1,3,10,0,0,0,1,0,1,1,1,0,1,1,1,70,362.710393,24,12.385397,A
53.547541,3,9,7,30.581918,1,4,10,335.801524,10,29,16,50.297729,1,4,10,46.61455,1,2,8,68.763629,2,8,10,1,1,1,1,1,1,1,1,1,1,1,1,61,585.606891,56,15.0627,A
39.852784,1,2,7,43.736175,1,3,10,125.675544,1,10,26,91.822925,1,7,17,52.703513,1,4,20,53.420687,2,6,10,1,1,0,0,0,1,1,1,0,0,0,1,90,407.211629,32,16.491773,A
130.744244,1,6,13,60.809259,1,10,11,271.998614,4,32,20,57.789658,1,12,14,43.375656,1,12,12,94.508802,4,18,12,0,0,0,0,0,0,1,1,0,1,1,1,82,659.226234,90,21.202473,A
37.210967,1,2,9,60.956387,2,5,10,598.86902,1,7,17,79.120607,3,5,12,89.46902,5,8,8,55.04064,1,4,14,0,1,0,0,1,0,1,1,0,1,1,1,70,920.66664,31,18.197763,A
78.248624,4,4,7,81.262353,2,6,10,186.954701,2,11,17,50.472662,1,2,10,64.094112,1,11,8,76.782903,2,7,10,1,1,0,1,1,1,1,1,0,1,1,1,62,537.815355,41,13.841822,A
47.379713,3,7,7,26.97634,1,5,10,47.19128,1,5,16,53.435167,2,7,15,27.57652,1,7,12,21.885393,1,3,10,1,1,1,0,0,1,1,1,1,0,1,1,70,224.444413,34,11.664069,A
27.128961,1,1,7,67.50687,2,4,10,73.212825,1,5,16,36.339469,1,2,10,22.641252,1,2,8,48.569401,2,4,10,1,1,1,1,1,1,1,1,1,1,1,1,61,275.398779,18,9.741261,A
63.051793,1,1,7,352.308488,7,31,10,311.927809,6,12,24,115.278304,3,3,10,45.548469,1,1,12,170.018973,8,14,11,1,1,0,1,0,0,1,1,0,1,1,1,74,1058.133836,62,22.060958,A
67.842253,1,6,7,52.570003,1,11,10,187.705681,1,26,27,52.752012,1,5,12,113.843354,3,8,8,47.718833,1,6,10,1,1,0,0,1,1,1,1,0,1,1,1,74,522.432137,62,16.892229,A
57.53101,1,1,7,106.48952,2,4,10,313.313192,7,61,16,89.642652,2,22,10,34.77954,1,6,8,37.581933,1,9,11,1,1,1,1,1,0,1,1,1,1,1,1,62,639.337847,103,18.620317,A
51.130749,2,10,9,48.764262,2,6,10,130.660543,14,26,17,39.514764,1,6,15,34.698402,1,5,8,27.94866,1,4,10,0,1,0,0,1,1,1,1,0,0,1,1,69,332.71738,57,13.958691,A
33.699836,1,7,7,32.233132,1,5,10,69.832759,1,7,16,65.899048,1,6,14,107.148493,1,4,13,59.015771,1,4,10,1,1,1,0,0,1,1,1,1,1,1,1,70,367.82904,33,12.986245,A
44.05522,1,8,7,39.06918,1,5,10,141.71748,2,8,17,64.78794,1,2,10,38.4788,1,2,8,44.1525,1,4,10,1,1,0,1,1,1,1,1,0,1,1,1,62,372.26112,29,11.509188,A
45.231313,1,1,7,60.996973,1,3,12,124.760567,1,23,20,48.647653,1,4,10,62.547247,2,3,8,63.16336,1,5,14,1,0,0,1,1,0,1,1,0,1,1,1,71,405.347113,39,13.875221,A
42.816446,2,8,7,54.837739,2,13,10,63.791144,1,20,19,134.118353,5,43,12,26.460214,1,6,8,59.656228,1,53,49,1,1,0,0,1,0,1,1,0,1,1,0,105,381.680124,143,25.436896,A
110.157875,1,10,13,61.135482,1,10,12,108.787174,1,8,20,69.302484,3,5,10,39.284722,1,3,8,62.56887,1,6,14,0,0,0,1,1,0,1,1,0,1,1,1,77,451.236606,42,15.457852,A
76.396852,2,17,7,70.863096,1,12,10,164.925987,3,23,16,35.181492,1,2,10,82.34569,3,4,8,26.399613,1,2,10,1,1,1,1,1,1,1,1,1,1,1,1,61,456.11273,60,14.058367,A
139.553465,1,35,12,39.215539,1,8,10,97.905757,1,10,26,49.727401,1,6,11,65.736874,1,5,12,56.591122,1,5,14,0,1,0,0,0,0,1,1,0,1,1,1,85,448.730158,69,18.362778,A
52.913738,2,5,7,76.681057,2,5,10,97.710304,1,4,16,43.956427,1,2,10,36.991223,1,2,8,148.86341,3,9,12,1,1,1,1,1,0,1,1,1,1,1,1,63,457.116158,27,12.364707,A
119.934804,5,11,7,34.834133,1,8,12,92.657409,2,18,16,91.290563,1,8,14,176.656586,9,24,8,27.22659,1,9,10,1,0,1,0,1,1,1,1,1,1,1,1,67,542.600085,78,16.951809,A
217.634452,3,9,7,125.306893,2,7,10,535.084509,10,28,16,105.199874,2,7,10,52.502961,1,4,8,101.950657,3,7,10,1,1,1,1,1,1,1,1,1,1,1,1,61,1137.679346,62,20.757023,A
35.73799,1,1,7,251.302792,10,46,10,80.289568,1,7,16,28.440373,1,8,10,26.674281,1,5,8,45.467921,1,6,10,1,1,1,1,1,1,1,1,1,1,1,1,61,467.912926,73,14.968776,A
33.63919,1,11,7,37.206578,1,8,11,83.464345,1,9,16,36.12287,1,3,10,34.322801,1,5,8,66.728309,1,7,18,1,0,1,1,1,0,1,1,1,1,1,0,70,291.484094,43,12.862364,A
113.788712,1,1,7,171.565274,2,3,10,164.272982,1,10,18,335.371485,5,14,14,86.881558,1,4,12,211.642504,4,11,10,1,1,0,0,0,1,1,1,0,1,1,1,71,1083.522515,43,20.663703,A
46.113785,1,3,7,36.897676,1,5,10,109.876614,1,3,17,125.408891,2,4,11,71.995638,1,2,12,119.359238,3,7,11,1,1,0,0,0,0,1,1,0,1,1,1,68,509.651843,24,13.484483,A
84.857702,2,24,10,20.646623,1,14,10,54.097082,1,16,18,48.335852,2,28,14,93.808454,3,41,19,37.197105,2,14,14,0,1,0,0,0,0,1,1,0,1,0,1,85,338.942818,137,21.470086,A
41.555199,1,6,9,92.395405,1,19,17,104.696719,1,15,18,112.314214,1,7,18,53.373478,1,4,15,79.876768,2,11,10,0,0,0,0,0,1,1,0,0,0,0,1,87,484.211783,62,18.594891,A
73.813053,2,19,9,53.64404,1,12,15,160.24156,2,20,16,112.337833,2,9,21,86.293613,1,7,14,113.72172,4,13,14,0,0,1,0,0,0,1,1,1,0,1,1,89,600.05182,80,21.134179,A
52.039759,1,1,7,112.311194,2,5,10,251.917204,1,19,44,61.537824,1,3,12,60.971357,1,3,10,182.230399,3,10,18,1,1,0,0,0,0,1,1,0,1,1,0,101,721.007738,41,21.823651,A
62.517913,1,1,7,151.569681,2,7,12,194.203873,1,6,17,131.769297,2,7,12,56.717798,1,3,8,58.10116,1,5,10,1,0,0,0,1,1,1,1,0,1,1,1,66,654.879721,29,14.873402,A
